year,region,harvest,anomaly,Latitude,Longitude
1700,Alsace,42.9,-0.91,48.17,7.28
1701,Alsace,35.9,-0.76,48.17,7.28
1702,Alsace,45.0,-1.4,48.17,7.28
1703,Alsace,49.4,-1.21,48.17,7.28
1704,Alsace,30.4,-0.44,48.17,7.28
1705,Alsace,46.9,-0.76,48.17,7.28
1706,Alsace,38.7,-1.04,48.17,7.28
1707,Alsace,44.0,-1.3,48.17,7.28
1708,Alsace,32.0,-1.51,48.17,7.28
1709,Alsace,29.9,-2.13,48.17,7.28
1710,Alsace,37.9,-0.02,48.17,7.28
1711,Alsace,39.4,-0.09,48.17,7.28
1712,Alsace,37.9,-0.37,48.17,7.28
1713,Alsace,44.9,-0.87,48.17,7.28
1714,Alsace,47.9,-0.07,48.17,7.28
1715,Alsace,36.4,-0.07,48.17,7.28
1716,Alsace,44.9,-1.13,48.17,7.28
1717,Alsace,42.0,-0.47,48.17,7.28
1718,Alsace,21.0,-0.22,48.17,7.28
1719,Alsace,40.7,-0.02,48.17,7.28
1720,Alsace,40.7,-0.41,48.17,7.28
1721,Alsace,44.4,-0.6,48.17,7.28
1722,Alsace,37.0,0.79,48.17,7.28
1723,Alsace,38.4,1.46,48.17,7.28
1724,Alsace,39.7,-0.2,48.17,7.28
1725,Alsace,53.9,-0.15,48.17,7.28
1726,Alsace,32.0,-0.06,48.17,7.28
1727,Alsace,35.0,0.79,48.17,7.28
1728,Alsace,40.0,-0.31,48.17,7.28
1729,Alsace,35.9,-0.45,48.17,7.28
1730,Alsace,45.9,0.33,48.17,7.28
1731,Alsace,46.9,-0.26,48.17,7.28
1732,Alsace,36.9,-0.33,48.17,7.28
1733,Alsace,43.4,0.61,48.17,7.28
1734,Alsace,37.7,0.28,48.17,7.28
1735,Alsace,47.9,0.46,48.17,7.28
1736,Alsace,41.7,0.35,48.17,7.28
1737,Alsace,34.7,0.32,48.17,7.28
1738,Alsace,35.0,0.49,48.17,7.28
1739,Alsace,33.7,-0.79,48.17,7.28
1740,Alsace,49.0,-2.47,48.17,7.28
1741,Alsace,45.9,-0.19,48.17,7.28
1742,Alsace,52.9,-1.27,48.17,7.28
1743,Alsace,45.4,0.52,48.17,7.28
1744,Alsace,47.4,-0.59,48.17,7.28
1745,Alsace,47.9,-0.78,48.17,7.28
1747,Alsace,42.4,-0.18,48.17,7.28
1748,Alsace,37.9,-0.36,48.17,7.28
1749,Alsace,40.4,-0.13,48.17,7.28
1750,Alsace,44.0,0.31,48.17,7.28
1751,Alsace,50.9,-0.91,48.17,7.28
1752,Alsace,48.9,0.14,48.17,7.28
1753,Alsace,40.0,-0.89,48.17,7.28
1754,Alsace,47.0,-0.87,48.17,7.28
1755,Alsace,37.9,-0.83,48.17,7.28
1756,Alsace,48.9,-0.29,48.17,7.28
1757,Alsace,45.9,0.05,48.17,7.28
1758,Alsace,48.0,-0.74,48.17,7.28
1759,Alsace,38.3,0.32,48.17,7.28
1760,Alsace,38.8,-0.21,48.17,7.28
1761,Alsace,37.4,0.65,48.17,7.28
1762,Alsace,32.9,0.12,48.17,7.28
1763,Alsace,45.8,-0.15,48.17,7.28
1764,Alsace,38.4,0.4,48.17,7.28
1765,Alsace,45.8,-0.03,48.17,7.28
1766,Alsace,45.9,0.24,48.17,7.28
1767,Alsace,53.3,-0.43,48.17,7.28
1768,Alsace,45.9,-0.53,48.17,7.28
1769,Alsace,41.4,-0.32,48.17,7.28
1770,Alsace,51.0,-0.18,48.17,7.28
1771,Alsace,42.9,-1.02,48.17,7.28
1772,Alsace,39.0,-0.26,48.17,7.28
1773,Alsace,50.8,0.83,48.17,7.28
1774,Alsace,41.9,-0.59,48.17,7.28
1775,Alsace,41.8,0.9,48.17,7.28
1776,Alsace,47.0,-0.25,48.17,7.28
1777,Alsace,51.9,-0.62,48.17,7.28
1778,Alsace,44.0,-0.1,48.17,7.28
1779,Alsace,43.4,1.08,48.17,7.28
1780,Alsace,42.4,-0.59,48.17,7.28
1781,Alsace,33.0,0.38,48.17,7.28
1782,Alsace,51.8,-1.24,48.17,7.28
1783,Alsace,38.0,0.01,48.17,7.28
1784,Alsace,32.9,-1.76,48.17,7.28
1785,Alsace,50.9,-1.68,48.17,7.28
1786,Alsace,47.4,-1.7,48.17,7.28
1787,Alsace,49.8,-0.31,48.17,7.28
1788,Alsace,31.8,-1.08,48.17,7.28
1803,Alsace,49.0,-0.92,48.17,7.28
1804,Alsace,48.0,-0.35,48.17,7.28
1805,Alsace,58.4,-1.38,48.17,7.28
1806,Alsace,39.0,-0.28,48.17,7.28
1807,Alsace,41.0,-0.66,48.17,7.28
1808,Alsace,46.0,-1.15,48.17,7.28
1809,Alsace,51.9,-1.32,48.17,7.28
1810,Alsace,51.0,-1.26,48.17,7.28
1811,Alsace,34.0,0.1,48.17,7.28
1812,Alsace,52.0,-1.77,48.17,7.28
1813,Alsace,49.0,-0.54,48.17,7.28
1814,Alsace,48.0,-1.66,48.17,7.28
1815,Alsace,38.0,-0.7,48.17,7.28
1816,Alsace,54.0,-1.54,48.17,7.28
1817,Alsace,46.0,-0.48,48.17,7.28
1818,Alsace,34.0,0.17,48.17,7.28
1819,Alsace,40.0,-0.01,48.17,7.28
1820,Alsace,42.0,-0.97,48.17,7.28
1821,Alsace,49.0,-0.27,48.17,7.28
1822,Alsace,2.7,0.78,48.17,7.28
1823,Alsace,50.0,-0.66,48.17,7.28
1824,Alsace,44.5,0.07,48.17,7.28
1825,Alsace,36.0,-0.07,48.17,7.28
1826,Alsace,31.0,0.51,48.17,7.28
1827,Alsace,35.0,-0.09,48.17,7.28
1828,Alsace,36.0,-0.12,48.17,7.28
1829,Alsace,34.0,-1.85,48.17,7.28
1830,Alsace,24.0,-0.6,48.17,7.28
1831,Alsace,40.0,-0.12,48.17,7.28
1832,Alsace,47.0,-0.76,48.17,7.28
1833,Alsace,24.0,-0.28,48.17,7.28
1834,Alsace,10.9,0.51,48.17,7.28
1835,Alsace,39.0,-0.55,48.17,7.28
1836,Alsace,39.5,-0.57,48.17,7.28
1837,Alsace,47.5,-0.94,48.17,7.28
1838,Alsace,37.0,-1.75,48.17,7.28
1843,Alsace,39.7,-0.19,48.17,7.28
1844,Alsace,46.7,-1.2,48.17,7.28
1845,Alsace,29.7,-1.25,48.17,7.28
1847,Alsace,34.7,-0.61,48.17,7.28
1848,Alsace,35.5,-0.38,48.17,7.28
1849,Alsace,32.5,-0.71,48.17,7.28
1850,Alsace,33.7,-0.72,48.17,7.28
1851,Alsace,39.5,-0.34,48.17,7.28
1852,Alsace,41.9,-0.08,48.17,7.28
1853,Alsace,42.5,-1.0,48.17,7.28
1854,Alsace,48.0,-0.24,48.17,7.28
1855,Alsace,45.0,-1.43,48.17,7.28
1856,Alsace,47.0,-0.9,48.17,7.28
1857,Alsace,24.0,0.23,48.17,7.28
1858,Alsace,39.1,-0.2,48.17,7.28
1859,Alsace,28.6,0.48,48.17,7.28
1860,Alsace,41.7,-0.99,48.17,7.28
1861,Alsace,37.0,-0.24,48.17,7.28
1862,Alsace,20.0,-0.51,48.17,7.28
1863,Alsace,36.0,0.6,48.17,7.28
1864,Alsace,42.0,-1.22,48.17,7.28
1865,Alsace,18.0,-0.15,48.17,7.28
1866,Alsace,38.1,-0.08,48.17,7.28
1867,Alsace,37.0,-0.96,48.17,7.28
1868,Alsace,17.9,0.55,48.17,7.28
1869,Alsace,30.6,-0.17,48.17,7.28
1870,Alsace,23.0,-0.93,48.17,7.28
1871,Alsace,43.3,-1.47,48.17,7.28
1872,Alsace,37.0,0.52,48.17,7.28
1873,Alsace,36.0,0.06,48.17,7.28
1874,Alsace,28.0,-0.22,48.17,7.28
1875,Alsace,31.0,-1.02,48.17,7.28
1876,Alsace,41.0,-0.55,48.17,7.28
1877,Alsace,42.0,-0.56,48.17,7.28
1878,Alsace,34.0,-0.24,48.17,7.28
1879,Alsace,46.0,-1.52,48.17,7.28
1880,Alsace,41.0,-0.26,48.17,7.28
1881,Alsace,25.8,-1.06,48.17,7.28
1882,Alsace,36.0,-0.07,48.17,7.28
1883,Alsace,35.0,-0.61,48.17,7.28
1884,Alsace,31.0,-0.22,48.17,7.28
1885,Alsace,30.3,-0.73,48.17,7.28
1886,Alsace,29.0,-0.44,48.17,7.28
1887,Alsace,27.0,-0.93,48.17,7.28
1889,Alsace,23.0,-0.87,48.17,7.28
1890,Alsace,37.0,-0.69,48.17,7.28
1891,Alsace,43.0,-0.78,48.17,7.28
1893,Alsace,14.5,-0.5,48.17,7.28
1899,Alsace,36.0,-0.14,48.17,7.28
1900,Alsace,35.0,-0.08,48.17,7.28
1901,Alsace,24.0,-0.53,48.17,7.28
1902,Alsace,45.0,-1.11,48.17,7.28
1903,Alsace,43.0,-0.1,48.17,7.28
1904,Alsace,23.0,-0.16,48.17,7.28
1905,Alsace,24.0,-0.35,48.17,7.28
1906,Alsace,32.0,-0.01,48.17,7.28
1907,Alsace,34.0,-0.58,48.17,7.28
1908,Alsace,21.0,-0.7,48.17,7.28
1909,Alsace,24.0,-1.07,48.17,7.28
1910,Alsace,41.0,-0.14,48.17,7.28
1911,Alsace,25.0,0.38,48.17,7.28
1912,Alsace,31.0,-0.54,48.17,7.28
1913,Alsace,13.0,0.06,48.17,7.28
1919,Alsace,36.0,-0.99,48.17,7.28
1920,Alsace,24.0,0.39,48.17,7.28
1926,Alsace,36.0,0.07,48.17,7.28
1932,Alsace,41.0,0.02,48.17,7.28
1933,Alsace,35.0,-0.41,48.17,7.28
1934,Alsace,11.0,0.92,48.17,7.28
1935,Alsace,27.0,0.02,48.17,7.28
1936,Alsace,24.0,0.1,48.17,7.28
1937,Alsace,15.0,0.28,48.17,7.28
1938,Alsace,34.0,0.45,48.17,7.28
1939,Alsace,40.0,-0.01,48.17,7.28
1940,Alsace,31.0,-1.24,48.17,7.28
1941,Alsace,42.0,-1.03,48.17,7.28
1942,Alsace,37.0,-0.8,48.17,7.28
1943,Alsace,26.0,0.65,48.17,7.28
1944,Alsace,24.0,0.01,48.17,7.28
1945,Alsace,9.0,0.56,48.17,7.28
1946,Alsace,27.0,-0.03,48.17,7.28
1947,Alsace,26.0,0.32,48.17,7.28
1950,Alsace,27.9,0.31,48.17,7.28
1951,Alsace,47.9,0.09,48.17,7.28
1952,Alsace,31.9,-0.18,48.17,7.28
1953,Alsace,35.9,0.31,48.17,7.28
1954,Alsace,47.9,-0.48,48.17,7.28
1955,Alsace,49.9,-0.22,48.17,7.28
1956,Alsace,52.9,-1.19,48.17,7.28
1957,Alsace,44.9,0.17,48.17,7.28
1958,Alsace,38.9,-0.14,48.17,7.28
1959,Alsace,33.9,0.54,48.17,7.28
1960,Alsace,42.9,-0.02,48.17,7.28
1961,Alsace,41.9,0.67,48.17,7.28
1962,Alsace,50.9,-0.67,48.17,7.28
1963,Alsace,46.9,-0.81,48.17,7.28
1964,Alsace,37.9,-0.08,48.17,7.28
1965,Alsace,48.9,-0.69,48.17,7.28
1966,Alsace,42.9,-0.04,48.17,7.28
1967,Alsace,41.9,0.22,48.17,7.28
1968,Alsace,46.9,-0.2,48.17,7.28
1969,Alsace,45.9,-0.38,48.17,7.28
1970,Alsace,47.3,-0.32,48.17,7.28
1971,Alsace,36.3,-0.08,48.17,7.28
1972,Alsace,50.7,-0.25,48.17,7.28
1973,Alsace,45.0,-0.01,48.17,7.28
1974,Alsace,41.7,0.14,48.17,7.28
1975,Alsace,40.7,0.39,48.17,7.28
1976,Alsace,21.7,-0.08,48.17,7.28
1977,Alsace,48.7,0.07,48.17,7.28
1978,Alsace,53.0,-0.46,48.17,7.28
1979,Alsace,43.9,-0.28,48.17,7.28
1980,Alsace,56.7,-0.46,48.17,7.28
1981,Alsace,36.7,-0.05,48.17,7.28
1982,Alsace,42.7,0.51,48.17,7.28
1983,Alsace,38.9,0.64,48.17,7.28
1984,Alsace,50.9,-0.1,48.17,7.28
1985,Alsace,39.9,-0.43,48.17,7.28
1986,Alsace,44.7,-0.1,48.17,7.28
1987,Alsace,49.0,-0.26,48.17,7.28
1988,Alsace,37.9,0.67,48.17,7.28
1989,Alsace,29.9,1.18,48.17,7.28
1990,Alsace,35.7,1.22,48.17,7.28
1991,Alsace,40.7,0.21,48.17,7.28
1992,Alsace,32.9,0.89,48.17,7.28
1993,Alsace,25.9,0.26,48.17,7.28
1994,Alsace,28.0,1.32,48.17,7.28
1995,Alsace,36.7,0.87,48.17,7.28
1996,Alsace,38.7,-0.22,48.17,7.28
1997,Alsace,32.7,0.98,48.17,7.28
1998,Alsace,25.7,0.76,48.17,7.28
1999,Alsace,35.7,1.09,48.17,7.28
2000,Alsace,22.7,1.21,48.17,7.28
2001,Alsace,32.7,0.95,48.17,7.28
2002,Alsace,31.7,1.22,48.17,7.28
2003,Alsace,8.0,1.28,48.17,7.28
2004,Alsace,34.0,0.79,48.17,7.28
2005,Alsace,29.0,0.75,48.17,7.28
1799,Auvergne,46.6,-1.85,45.58,3.17
1800,Auvergne,39.4,-0.47,45.58,3.17
1801,Auvergne,35.4,0.19,45.58,3.17
1802,Auvergne,33.1,-0.3,45.58,3.17
1804,Auvergne,40.6,-0.35,45.58,3.17
1805,Auvergne,51.6,-1.38,45.58,3.17
1806,Auvergne,45.0,-0.28,45.58,3.17
1807,Auvergne,31.6,-0.66,45.58,3.17
1808,Auvergne,50.9,-1.15,45.58,3.17
1809,Auvergne,58.7,-1.32,45.58,3.17
1810,Auvergne,48.3,-1.26,45.58,3.17
1811,Auvergne,24.1,0.1,45.58,3.17
1812,Auvergne,53.7,-1.77,45.58,3.17
1813,Auvergne,53.1,-0.54,45.58,3.17
1814,Auvergne,36.9,-1.66,45.58,3.17
1815,Auvergne,40.0,-0.7,45.58,3.17
1816,Auvergne,65.7,-1.54,45.58,3.17
1817,Auvergne,52.2,-0.48,45.58,3.17
1818,Auvergne,37.8,0.17,45.58,3.17
1819,Auvergne,39.9,-0.01,45.58,3.17
1820,Auvergne,46.7,-0.97,45.58,3.17
1821,Auvergne,53.6,-0.27,45.58,3.17
1822,Auvergne,9.1,0.78,45.58,3.17
1823,Auvergne,50.7,-0.66,45.58,3.17
1824,Auvergne,52.3,0.07,45.58,3.17
1825,Auvergne,30.0,-0.07,45.58,3.17
1826,Auvergne,47.0,0.51,45.58,3.17
1827,Auvergne,41.9,-0.09,45.58,3.17
1828,Auvergne,40.7,-0.12,45.58,3.17
1829,Auvergne,51.8,-1.85,45.58,3.17
1830,Auvergne,35.7,-0.6,45.58,3.17
1831,Auvergne,43.8,-0.12,45.58,3.17
1832,Auvergne,42.6,-0.76,45.58,3.17
1833,Auvergne,43.1,-0.28,45.58,3.17
1834,Auvergne,32.3,0.51,45.58,3.17
1835,Auvergne,50.6,-0.55,45.58,3.17
1836,Auvergne,51.0,-0.57,45.58,3.17
1837,Auvergne,49.6,-0.94,45.58,3.17
1838,Auvergne,48.3,-1.75,45.58,3.17
1839,Auvergne,41.5,-0.69,45.58,3.17
1840,Auvergne,40.8,-1.02,45.58,3.17
1841,Auvergne,42.4,-0.32,45.58,3.17
1842,Auvergne,38.5,-0.27,45.58,3.17
1843,Auvergne,56.6,-0.19,45.58,3.17
1844,Auvergne,35.6,-1.2,45.58,3.17
1845,Auvergne,55.8,-1.25,45.58,3.17
1846,Auvergne,29.8,0.26,45.58,3.17
1847,Auvergne,39.5,-0.61,45.58,3.17
1848,Auvergne,41.0,-0.38,45.58,3.17
1849,Auvergne,41.0,-0.71,45.58,3.17
1850,Auvergne,51.5,-0.72,45.58,3.17
1851,Auvergne,51.6,-0.34,45.58,3.17
1852,Auvergne,46.2,-0.08,45.58,3.17
1853,Auvergne,57.1,-1.0,45.58,3.17
1854,Auvergne,48.0,-0.24,45.58,3.17
1855,Auvergne,51.3,-1.43,45.58,3.17
1856,Auvergne,48.6,-0.9,45.58,3.17
1857,Auvergne,37.4,0.23,45.58,3.17
1858,Auvergne,28.3,-0.2,45.58,3.17
1859,Auvergne,31.8,0.48,45.58,3.17
1860,Auvergne,50.2,-0.99,45.58,3.17
1861,Auvergne,35.8,-0.24,45.58,3.17
1862,Auvergne,33.6,-0.51,45.58,3.17
1863,Auvergne,38.1,0.6,45.58,3.17
1864,Auvergne,38.4,-1.22,45.58,3.17
1865,Auvergne,17.5,-0.15,45.58,3.17
1866,Auvergne,40.7,-0.08,45.58,3.17
1867,Auvergne,39.2,-0.96,45.58,3.17
1868,Auvergne,34.3,0.55,45.58,3.17
1869,Auvergne,34.6,-0.17,45.58,3.17
1870,Auvergne,27.7,-0.93,45.58,3.17
1871,Auvergne,36.3,-1.47,45.58,3.17
1872,Auvergne,40.9,0.52,45.58,3.17
1873,Auvergne,38.6,0.06,45.58,3.17
1874,Auvergne,38.2,-0.22,45.58,3.17
1875,Auvergne,42.3,-1.02,45.58,3.17
1876,Auvergne,42.6,-0.55,45.58,3.17
1877,Auvergne,38.0,-0.56,45.58,3.17
1878,Auvergne,38.5,-0.24,45.58,3.17
1879,Auvergne,48.2,-1.52,45.58,3.17
1751,Auxerre Avalon,43.0,-0.91,,
1752,Auxerre Avalon,39.0,0.14,,
1753,Auxerre Avalon,33.0,-0.89,,
1754,Auxerre Avalon,44.0,-0.87,,
1755,Auxerre Avalon,24.0,-0.83,,
1756,Auxerre Avalon,43.0,-0.29,,
1757,Auxerre Avalon,33.0,0.05,,
1758,Auxerre Avalon,27.0,-0.74,,
1759,Auxerre Avalon,31.0,0.32,,
1760,Auxerre Avalon,29.0,-0.21,,
1761,Auxerre Avalon,28.0,0.65,,
1762,Auxerre Avalon,20.0,0.12,,
1763,Auxerre Avalon,37.0,-0.15,,
1764,Auxerre Avalon,33.0,0.4,,
1765,Auxerre Avalon,37.0,-0.03,,
1766,Auxerre Avalon,43.0,0.24,,
1767,Auxerre Avalon,56.0,-0.43,,
1768,Auxerre Avalon,3.0,-0.53,,
1769,Auxerre Avalon,39.0,-0.32,,
1770,Auxerre Avalon,47.0,-0.18,,
1771,Auxerre Avalon,39.0,-1.02,,
1772,Auxerre Avalon,35.0,-0.26,,
1773,Auxerre Avalon,37.0,0.83,,
1774,Auxerre Avalon,33.0,-0.59,,
1775,Auxerre Avalon,34.0,0.9,,
1776,Auxerre Avalon,44.0,-0.25,,
1777,Auxerre Avalon,46.0,-0.62,,
1778,Auxerre Avalon,35.0,-0.1,,
1779,Auxerre Avalon,27.0,1.08,,
1780,Auxerre Avalon,32.0,-0.59,,
1781,Auxerre Avalon,24.0,0.38,,
1782,Auxerre Avalon,44.0,-1.24,,
1783,Auxerre Avalon,29.0,0.01,,
1784,Auxerre Avalon,20.0,-1.76,,
1785,Auxerre Avalon,33.0,-1.68,,
1786,Auxerre Avalon,46.0,-1.7,,
1787,Auxerre Avalon,45.0,-0.31,,
1788,Auxerre Avalon,22.0,-1.08,,
1789,Auxerre Avalon,42.0,-0.39,,
1790,Auxerre Avalon,37.0,-0.24,,
1791,Auxerre Avalon,33.0,0.31,,
1792,Auxerre Avalon,38.0,-0.43,,
1793,Auxerre Avalon,37.0,0.13,,
1794,Auxerre Avalon,15.0,0.74,,
1795,Auxerre Avalon,35.0,-0.71,,
1796,Auxerre Avalon,40.0,0.02,,
1797,Auxerre Avalon,39.0,0.52,,
1798,Auxerre Avalon,24.0,0.16,,
1800,Auxerre Avalon,32.0,-0.47,,
1801,Auxerre Avalon,35.0,0.19,,
1802,Auxerre Avalon,23.0,-0.3,,
1803,Auxerre Avalon,33.0,-0.92,,
1804,Auxerre Avalon,31.0,-0.35,,
1805,Auxerre Avalon,51.0,-1.38,,
1806,Auxerre Avalon,29.0,-0.28,,
1807,Auxerre Avalon,28.0,-0.66,,
1808,Auxerre Avalon,33.0,-1.15,,
1809,Auxerre Avalon,45.0,-1.32,,
1810,Auxerre Avalon,38.0,-1.26,,
1811,Auxerre Avalon,19.0,0.1,,
1812,Auxerre Avalon,45.0,-1.77,,
1813,Auxerre Avalon,44.0,-0.54,,
1814,Auxerre Avalon,39.5,-1.66,,
1815,Auxerre Avalon,60.0,-0.7,,
1816,Auxerre Avalon,54.0,-1.54,,
1817,Auxerre Avalon,43.0,-0.48,,
1818,Auxerre Avalon,25.0,0.17,,
1819,Auxerre Avalon,34.0,-0.01,,
1820,Auxerre Avalon,41.0,-0.97,,
1821,Auxerre Avalon,48.5,-0.27,,
1822,Auxerre Avalon,2.5,0.78,,
1823,Auxerre Avalon,45.5,-0.66,,
1824,Auxerre Avalon,46.0,0.07,,
1825,Auxerre Avalon,22.5,-0.07,,
1826,Auxerre Avalon,32.0,0.51,,
1827,Auxerre Avalon,32.5,-0.09,,
1828,Auxerre Avalon,36.0,-0.12,,
1829,Auxerre Avalon,44.0,-1.85,,
1830,Auxerre Avalon,32.0,-0.6,,
1831,Auxerre Avalon,27.5,-0.12,,
1832,Auxerre Avalon,35.5,-0.76,,
1833,Auxerre Avalon,32.5,-0.28,,
1834,Auxerre Avalon,22.0,0.51,,
1835,Auxerre Avalon,38.0,-0.55,,
1836,Auxerre Avalon,36.0,-0.57,,
1837,Auxerre Avalon,40.5,-0.94,,
1838,Auxerre Avalon,41.0,-1.75,,
1839,Auxerre Avalon,30.5,-0.69,,
1840,Auxerre Avalon,27.5,-1.02,,
1841,Auxerre Avalon,31.5,-0.32,,
1842,Auxerre Avalon,23.0,-0.27,,
1843,Auxerre Avalon,47.0,-0.19,,
1844,Auxerre Avalon,25.5,-1.2,,
1845,Auxerre Avalon,40.0,-1.25,,
1846,Auxerre Avalon,14.0,0.26,,
1847,Auxerre Avalon,35.0,-0.61,,
1848,Auxerre Avalon,32.0,-0.38,,
1849,Auxerre Avalon,33.0,-0.71,,
1850,Auxerre Avalon,40.5,-0.72,,
1851,Auxerre Avalon,40.0,-0.34,,
1852,Auxerre Avalon,36.5,-0.08,,
1853,Auxerre Avalon,40.5,-1.0,,
1854,Auxerre Avalon,39.5,-0.24,,
1855,Auxerre Avalon,38.0,-1.43,,
1856,Auxerre Avalon,36.5,-0.9,,
1857,Auxerre Avalon,22.0,0.23,,
1858,Auxerre Avalon,22.0,-0.2,,
1859,Auxerre Avalon,23.0,0.48,,
1860,Auxerre Avalon,45.0,-0.99,,
1861,Auxerre Avalon,29.0,-0.24,,
1862,Auxerre Avalon,25.0,-0.51,,
1863,Auxerre Avalon,32.0,0.6,,
1864,Auxerre Avalon,29.0,-1.22,,
1865,Auxerre Avalon,11.0,-0.15,,
1866,Auxerre Avalon,32.0,-0.08,,
1867,Auxerre Avalon,31.5,-0.96,,
1868,Auxerre Avalon,12.0,0.55,,
1869,Auxerre Avalon,24.5,-0.17,,
1870,Auxerre Avalon,15.0,-0.93,,
1871,Auxerre Avalon,32.0,-1.47,,
1872,Auxerre Avalon,29.0,0.52,,
1873,Auxerre Avalon,33.0,0.06,,
1874,Auxerre Avalon,17.5,-0.22,,
1875,Auxerre Avalon,25.0,-1.02,,
1876,Auxerre Avalon,34.5,-0.55,,
1877,Auxerre Avalon,31.5,-0.56,,
1878,Auxerre Avalon,34.0,-0.24,,
1879,Auxerre Avalon,48.5,-1.52,,
1892,Beaujolais Maconnais,13.0,-0.9,,
1893,Beaujolais Maconnais,-6.0,-0.5,,
1894,Beaujolais Maconnais,15.0,-0.07,,
1895,Beaujolais Maconnais,15.0,-0.74,,
1896,Beaujolais Maconnais,24.0,-0.49,,
1897,Beaujolais Maconnais,19.0,-0.08,,
1898,Beaujolais Maconnais,26.0,0.2,,
1899,Beaujolais Maconnais,19.0,-0.14,,
1900,Beaujolais Maconnais,18.0,-0.08,,
1901,Beaujolais Maconnais,10.0,-0.53,,
1902,Beaujolais Maconnais,27.0,-1.11,,
1903,Beaujolais Maconnais,30.0,-0.1,,
1904,Beaujolais Maconnais,9.0,-0.16,,
1905,Beaujolais Maconnais,15.0,-0.35,,
1906,Beaujolais Maconnais,8.0,-0.01,,
1907,Beaujolais Maconnais,24.0,-0.58,,
1908,Beaujolais Maconnais,13.0,-0.7,,
1909,Beaujolais Maconnais,27.0,-1.07,,
1911,Beaujolais Maconnais,9.0,0.38,,
1912,Beaujolais Maconnais,17.0,-0.54,,
1914,Beaujolais Maconnais,26.0,0.08,,
1915,Beaujolais Maconnais,13.0,-0.78,,
1916,Beaujolais Maconnais,29.0,-0.2,,
1917,Beaujolais Maconnais,13.0,-0.95,,
1918,Beaujolais Maconnais,24.0,-0.14,,
1919,Beaujolais Maconnais,22.0,-0.99,,
1929,Beaujolais Maconnais,18.0,-0.67,,
1930,Beaujolais Maconnais,22.0,0.4,,
1931,Beaujolais Maconnais,14.0,-0.67,,
1932,Beaujolais Maconnais,29.0,0.02,,
1933,Beaujolais Maconnais,15.0,-0.41,,
1934,Beaujolais Maconnais,4.0,0.92,,
1935,Beaujolais Maconnais,16.0,0.02,,
1936,Beaujolais Maconnais,19.0,0.1,,
1937,Beaujolais Maconnais,8.0,0.28,,
1939,Beaujolais Maconnais,27.0,-0.01,,
1940,Beaujolais Maconnais,19.0,-1.24,,
1941,Beaujolais Maconnais,27.0,-1.03,,
1942,Beaujolais Maconnais,14.0,-0.8,,
1943,Beaujolais Maconnais,5.0,0.65,,
1944,Beaujolais Maconnais,18.0,0.01,,
1945,Beaujolais Maconnais,1.0,0.56,,
1946,Beaujolais Maconnais,17.0,-0.03,,
1947,Beaujolais Maconnais,6.0,0.32,,
1948,Beaujolais Maconnais,15.0,0.58,,
1949,Beaujolais Maconnais,12.0,0.88,,
1950,Beaujolais Maconnais,9.0,0.31,,
1951,Beaujolais Maconnais,30.0,0.09,,
1952,Beaujolais Maconnais,6.0,-0.18,,
1953,Beaujolais Maconnais,11.0,0.31,,
1954,Beaujolais Maconnais,25.0,-0.48,,
1955,Beaujolais Maconnais,23.0,-0.22,,
1956,Beaujolais Maconnais,38.0,-1.19,,
1957,Beaujolais Maconnais,21.0,0.17,,
1958,Beaujolais Maconnais,26.0,-0.14,,
1959,Beaujolais Maconnais,10.0,0.54,,
1960,Beaujolais Maconnais,12.0,-0.02,,
1961,Beaujolais Maconnais,39.0,0.67,,
1962,Beaujolais Maconnais,26.0,-0.67,,
1963,Beaujolais Maconnais,31.0,-0.81,,
1964,Beaujolais Maconnais,15.0,-0.08,,
1965,Beaujolais Maconnais,34.0,-0.69,,
1966,Beaujolais Maconnais,16.0,-0.04,,
1967,Beaujolais Maconnais,28.0,0.22,,
1968,Beaujolais Maconnais,27.0,-0.2,,
1969,Beaujolais Maconnais,30.0,-0.38,,
1970,Beaujolais Maconnais,25.0,-0.32,,
1971,Beaujolais Maconnais,18.0,-0.08,,
1972,Beaujolais Maconnais,28.0,-0.25,,
1973,Beaujolais Maconnais,21.0,-0.01,,
1974,Beaujolais Maconnais,23.0,0.14,,
1975,Beaujolais Maconnais,25.0,0.39,,
1976,Beaujolais Maconnais,6.0,-0.08,,
1662,Bordeaux,19.5,0.13,45.18,-0.75
1663,Bordeaux,28.5,-0.44,45.18,-0.75
1665,Bordeaux,21.5,-0.73,45.18,-0.75
1666,Bordeaux,12.8,0.03,45.18,-0.75
1675,Bordeaux,60.0,-1.63,45.18,-0.75
1691,Bordeaux,21.0,-1.34,45.18,-0.75
1696,Bordeaux,34.5,-0.99,45.18,-0.75
1697,Bordeaux,19.5,-1.46,45.18,-0.75
1698,Bordeaux,46.5,-1.84,45.18,-0.75
1699,Bordeaux,25.5,-0.68,45.18,-0.75
1733,Bordeaux,22.0,0.61,45.18,-0.75
1735,Bordeaux,42.0,0.46,45.18,-0.75
1736,Bordeaux,18.0,0.35,45.18,-0.75
1737,Bordeaux,15.0,0.32,45.18,-0.75
1738,Bordeaux,30.0,0.49,45.18,-0.75
1741,Bordeaux,14.0,-0.19,45.18,-0.75
1746,Bordeaux,30.0,-0.67,45.18,-0.75
1747,Bordeaux,26.0,-0.18,45.18,-0.75
1749,Bordeaux,31.0,-0.13,45.18,-0.75
1750,Bordeaux,25.0,0.31,45.18,-0.75
1751,Bordeaux,36.0,-0.91,45.18,-0.75
1752,Bordeaux,33.5,0.14,45.18,-0.75
1753,Bordeaux,27.8,-0.89,45.18,-0.75
1754,Bordeaux,43.4,-0.87,45.18,-0.75
1755,Bordeaux,25.8,-0.83,45.18,-0.75
1756,Bordeaux,37.0,-0.29,45.18,-0.75
1757,Bordeaux,31.0,0.05,45.18,-0.75
1758,Bordeaux,39.0,-0.74,45.18,-0.75
1759,Bordeaux,23.0,0.32,45.18,-0.75
1760,Bordeaux,20.0,-0.21,45.18,-0.75
1761,Bordeaux,20.0,0.65,45.18,-0.75
1762,Bordeaux,18.0,0.12,45.18,-0.75
1763,Bordeaux,34.0,-0.15,45.18,-0.75
1764,Bordeaux,24.0,0.4,45.18,-0.75
1765,Bordeaux,32.0,-0.03,45.18,-0.75
1766,Bordeaux,35.0,0.24,45.18,-0.75
1767,Bordeaux,32.5,-0.43,45.18,-0.75
1768,Bordeaux,27.0,-0.53,45.18,-0.75
1769,Bordeaux,28.0,-0.32,45.18,-0.75
1770,Bordeaux,42.0,-0.18,45.18,-0.75
1771,Bordeaux,25.0,-1.02,45.18,-0.75
1772,Bordeaux,22.0,-0.26,45.18,-0.75
1773,Bordeaux,36.5,0.83,45.18,-0.75
1774,Bordeaux,28.0,-0.59,45.18,-0.75
1775,Bordeaux,25.0,0.9,45.18,-0.75
1776,Bordeaux,33.0,-0.25,45.18,-0.75
1777,Bordeaux,38.0,-0.62,45.18,-0.75
1778,Bordeaux,29.0,-0.1,45.18,-0.75
1779,Bordeaux,27.0,1.08,45.18,-0.75
1780,Bordeaux,26.0,-0.59,45.18,-0.75
1781,Bordeaux,21.0,0.38,45.18,-0.75
1782,Bordeaux,27.0,-1.24,45.18,-0.75
1783,Bordeaux,19.0,0.01,45.18,-0.75
1784,Bordeaux,20.0,-1.76,45.18,-0.75
1785,Bordeaux,15.0,-1.68,45.18,-0.75
1786,Bordeaux,22.0,-1.7,45.18,-0.75
1787,Bordeaux,34.0,-0.31,45.18,-0.75
1788,Bordeaux,11.5,-1.08,45.18,-0.75
1789,Bordeaux,37.0,-0.39,45.18,-0.75
1790,Bordeaux,23.0,-0.24,45.18,-0.75
1791,Bordeaux,26.0,0.31,45.18,-0.75
1792,Bordeaux,28.0,-0.43,45.18,-0.75
1795,Bordeaux,26.3,-0.71,45.18,-0.75
1796,Bordeaux,31.3,0.02,45.18,-0.75
1797,Bordeaux,29.8,0.52,45.18,-0.75
1798,Bordeaux,26.8,0.16,45.18,-0.75
1799,Bordeaux,27.8,-1.85,45.18,-0.75
1800,Bordeaux,23.8,-0.47,45.18,-0.75
1801,Bordeaux,14.3,0.19,45.18,-0.75
1802,Bordeaux,22.0,-0.3,45.18,-0.75
1803,Bordeaux,25.2,-0.92,45.18,-0.75
1804,Bordeaux,14.2,-0.35,45.18,-0.75
1805,Bordeaux,22.2,-1.38,45.18,-0.75
1806,Bordeaux,20.2,-0.28,45.18,-0.75
1807,Bordeaux,11.3,-0.66,45.18,-0.75
1808,Bordeaux,13.0,-1.15,45.18,-0.75
1809,Bordeaux,28.7,-1.32,45.18,-0.75
1810,Bordeaux,19.3,-1.26,45.18,-0.75
1811,Bordeaux,13.2,0.1,45.18,-0.75
1812,Bordeaux,21.3,-1.77,45.18,-0.75
1813,Bordeaux,34.2,-0.54,45.18,-0.75
1814,Bordeaux,29.2,-1.66,45.18,-0.75
1815,Bordeaux,25.2,-0.7,45.18,-0.75
1816,Bordeaux,57.2,-1.54,45.18,-0.75
1817,Bordeaux,33.2,-0.48,45.18,-0.75
1818,Bordeaux,16.2,0.17,45.18,-0.75
1819,Bordeaux,21.2,-0.01,45.18,-0.75
1820,Bordeaux,27.2,-0.97,45.18,-0.75
1821,Bordeaux,33.2,-0.27,45.18,-0.75
1822,Bordeaux,-5.8,0.78,45.18,-0.75
1823,Bordeaux,36.6,-0.66,45.18,-0.75
1824,Bordeaux,33.6,0.07,45.18,-0.75
1825,Bordeaux,9.7,-0.07,45.18,-0.75
1826,Bordeaux,18.5,0.51,45.18,-0.75
1827,Bordeaux,18.5,-0.09,45.18,-0.75
1828,Bordeaux,15.3,-0.12,45.18,-0.75
1829,Bordeaux,25.3,-1.85,45.18,-0.75
1830,Bordeaux,15.6,-0.6,45.18,-0.75
1831,Bordeaux,13.4,-0.12,45.18,-0.75
1832,Bordeaux,20.5,-0.76,45.18,-0.75
1833,Bordeaux,20.7,-0.28,45.18,-0.75
1834,Bordeaux,9.0,0.51,45.18,-0.75
1835,Bordeaux,24.0,-0.55,45.18,-0.75
1836,Bordeaux,23.8,-0.57,45.18,-0.75
1837,Bordeaux,25.8,-0.94,45.18,-0.75
1838,Bordeaux,29.3,-1.75,45.18,-0.75
1839,Bordeaux,26.3,-0.69,45.18,-0.75
1840,Bordeaux,18.6,-1.02,45.18,-0.75
1841,Bordeaux,19.3,-0.32,45.18,-0.75
1842,Bordeaux,21.8,-0.27,45.18,-0.75
1843,Bordeaux,36.3,-0.19,45.18,-0.75
1844,Bordeaux,14.8,-1.2,45.18,-0.75
1845,Bordeaux,38.1,-1.25,45.18,-0.75
1846,Bordeaux,14.3,0.26,45.18,-0.75
1847,Bordeaux,25.3,-0.61,45.18,-0.75
1848,Bordeaux,19.8,-0.38,45.18,-0.75
1849,Bordeaux,21.0,-0.71,45.18,-0.75
1850,Bordeaux,29.2,-0.72,45.18,-0.75
1851,Bordeaux,26.9,-0.34,45.18,-0.75
1852,Bordeaux,24.3,-0.08,45.18,-0.75
1853,Bordeaux,39.2,-1.0,45.18,-0.75
1854,Bordeaux,35.0,-0.24,45.18,-0.75
1855,Bordeaux,36.8,-1.43,45.18,-0.75
1856,Bordeaux,29.9,-0.9,45.18,-0.75
1857,Bordeaux,19.0,0.23,45.18,-0.75
1858,Bordeaux,20.0,-0.2,45.18,-0.75
1859,Bordeaux,22.0,0.48,45.18,-0.75
1860,Bordeaux,28.0,-0.99,45.18,-0.75
1861,Bordeaux,21.8,-0.24,45.18,-0.75
1862,Bordeaux,19.0,-0.51,45.18,-0.75
1863,Bordeaux,23.1,0.6,45.18,-0.75
1864,Bordeaux,17.2,-1.22,45.18,-0.75
1865,Bordeaux,6.2,-0.15,45.18,-0.75
1866,Bordeaux,20.8,-0.08,45.18,-0.75
1867,Bordeaux,18.3,-0.96,45.18,-0.75
1868,Bordeaux,6.4,0.55,45.18,-0.75
1869,Bordeaux,14.9,-0.17,45.18,-0.75
1870,Bordeaux,10.2,-0.93,45.18,-0.75
1871,Bordeaux,22.2,-1.47,45.18,-0.75
1872,Bordeaux,25.8,0.52,45.18,-0.75
1873,Bordeaux,22.8,0.06,45.18,-0.75
1874,Bordeaux,15.0,-0.22,45.18,-0.75
1875,Bordeaux,23.2,-1.02,45.18,-0.75
1876,Bordeaux,29.0,-0.55,45.18,-0.75
1877,Bordeaux,26.0,-0.56,45.18,-0.75
1878,Bordeaux,24.0,-0.24,45.18,-0.75
1879,Bordeaux,44.2,-1.52,45.18,-0.75
1880,Bordeaux,22.6,-0.26,45.18,-0.75
1881,Bordeaux,21.1,-1.06,45.18,-0.75
1882,Bordeaux,25.1,-0.07,45.18,-0.75
1883,Bordeaux,29.6,-0.61,45.18,-0.75
1884,Bordeaux,25.1,-0.22,45.18,-0.75
1885,Bordeaux,26.1,-0.73,45.18,-0.75
1886,Bordeaux,24.6,-0.44,45.18,-0.75
1887,Bordeaux,24.6,-0.93,45.18,-0.75
1888,Bordeaux,32.1,-1.59,45.18,-0.75
1889,Bordeaux,35.6,-0.87,45.18,-0.75
1890,Bordeaux,31.1,-0.69,45.18,-0.75
1891,Bordeaux,34.6,-0.78,45.18,-0.75
1892,Bordeaux,17.6,-0.9,45.18,-0.75
1893,Bordeaux,-12.4,-0.5,45.18,-0.75
1894,Bordeaux,28.1,-0.07,45.18,-0.75
1895,Bordeaux,21.1,-0.74,45.18,-0.75
1896,Bordeaux,16.1,-0.49,45.18,-0.75
1897,Bordeaux,15.6,-0.08,45.18,-0.75
1898,Bordeaux,20.1,0.2,45.18,-0.75
1899,Bordeaux,21.1,-0.14,45.18,-0.75
1900,Bordeaux,18.1,-0.08,45.18,-0.75
1901,Bordeaux,10.6,-0.53,45.18,-0.75
1902,Bordeaux,20.6,-1.11,45.18,-0.75
1903,Bordeaux,22.1,-0.1,45.18,-0.75
1904,Bordeaux,15.1,-0.16,45.18,-0.75
1905,Bordeaux,13.6,-0.35,45.18,-0.75
1906,Bordeaux,11.6,-0.01,45.18,-0.75
1907,Bordeaux,22.1,-0.58,45.18,-0.75
1908,Bordeaux,14.1,-0.7,45.18,-0.75
1909,Bordeaux,22.1,-1.07,45.18,-0.75
1910,Bordeaux,36.4,-0.14,45.18,-0.75
1911,Bordeaux,14.4,0.38,45.18,-0.75
1912,Bordeaux,19.4,-0.54,45.18,-0.75
1913,Bordeaux,22.9,0.06,45.18,-0.75
1914,Bordeaux,19.1,0.08,45.18,-0.75
1915,Bordeaux,19.1,-0.78,45.18,-0.75
1916,Bordeaux,24.1,-0.2,45.18,-0.75
1917,Bordeaux,16.1,-0.95,45.18,-0.75
1918,Bordeaux,22.1,-0.14,45.18,-0.75
1919,Bordeaux,19.1,-0.99,45.18,-0.75
1920,Bordeaux,18.9,0.39,45.18,-0.75
1921,Bordeaux,13.1,0.6,45.18,-0.75
1922,Bordeaux,10.9,-0.93,45.18,-0.75
1923,Bordeaux,26.1,-0.49,45.18,-0.75
1924,Bordeaux,15.9,-0.52,45.18,-0.75
1925,Bordeaux,28.9,-0.31,45.18,-0.75
1926,Bordeaux,23.4,0.07,45.18,-0.75
1927,Bordeaux,19.4,-0.28,45.18,-0.75
1928,Bordeaux,17.4,-0.04,45.18,-0.75
1929,Bordeaux,22.1,-0.67,45.18,-0.75
1930,Bordeaux,26.4,0.4,45.18,-0.75
1931,Bordeaux,20.1,-0.67,45.18,-0.75
1932,Bordeaux,39.9,0.02,45.18,-0.75
1933,Bordeaux,20.1,-0.41,45.18,-0.75
1934,Bordeaux,16.1,0.92,45.18,-0.75
1935,Bordeaux,24.1,0.02,45.18,-0.75
1936,Bordeaux,31.1,0.1,45.18,-0.75
1937,Bordeaux,19.1,0.28,45.18,-0.75
1938,Bordeaux,24.7,0.45,45.18,-0.75
1939,Bordeaux,26.2,-0.01,45.18,-0.75
1940,Bordeaux,24.4,-1.24,45.18,-0.75
1941,Bordeaux,24.9,-1.03,45.18,-0.75
1942,Bordeaux,21.1,-0.8,45.18,-0.75
1943,Bordeaux,14.7,0.65,45.18,-0.75
1944,Bordeaux,20.9,0.01,45.18,-0.75
1945,Bordeaux,8.9,0.56,45.18,-0.75
1946,Bordeaux,29.8,-0.03,45.18,-0.75
1947,Bordeaux,13.1,0.32,45.18,-0.75
1948,Bordeaux,20.8,0.58,45.18,-0.75
1949,Bordeaux,26.1,0.88,45.18,-0.75
1950,Bordeaux,17.1,0.31,45.18,-0.75
1951,Bordeaux,34.1,0.09,45.18,-0.75
1952,Bordeaux,16.1,-0.18,45.18,-0.75
1953,Bordeaux,28.8,0.31,45.18,-0.75
1954,Bordeaux,35.4,-0.48,45.18,-0.75
1955,Bordeaux,25.1,-0.22,45.18,-0.75
1956,Bordeaux,39.2,-1.19,45.18,-0.75
1957,Bordeaux,29.1,0.17,45.18,-0.75
1958,Bordeaux,35.4,-0.14,45.18,-0.75
1959,Bordeaux,20.6,0.54,45.18,-0.75
1960,Bordeaux,13.4,-0.02,45.18,-0.75
1961,Bordeaux,14.6,0.67,45.18,-0.75
1962,Bordeaux,30.7,-0.67,45.18,-0.75
1963,Bordeaux,33.1,-0.81,45.18,-0.75
1964,Bordeaux,25.1,-0.08,45.18,-0.75
1965,Bordeaux,30.6,-0.69,45.18,-0.75
1966,Bordeaux,22.5,-0.04,45.18,-0.75
1967,Bordeaux,22.2,0.22,45.18,-0.75
1968,Bordeaux,24.3,-0.2,45.18,-0.75
1969,Bordeaux,23.5,-0.38,45.18,-0.75
1970,Bordeaux,26.5,-0.32,45.18,-0.75
1971,Bordeaux,26.6,-0.08,45.18,-0.75
1972,Bordeaux,36.1,-0.25,45.18,-0.75
1973,Bordeaux,24.9,-0.01,45.18,-0.75
1974,Bordeaux,26.6,0.14,45.18,-0.75
1975,Bordeaux,24.1,0.39,45.18,-0.75
1976,Bordeaux,11.7,-0.08,45.18,-0.75
1977,Bordeaux,34.4,0.07,45.18,-0.75
1978,Bordeaux,35.2,-0.46,45.18,-0.75
1979,Bordeaux,29.7,-0.28,45.18,-0.75
1980,Bordeaux,34.7,-0.46,45.18,-0.75
1981,Bordeaux,24.2,-0.05,45.18,-0.75
1982,Bordeaux,14.7,0.51,45.18,-0.75
1983,Bordeaux,27.2,0.64,45.18,-0.75
1984,Bordeaux,27.2,-0.1,45.18,-0.75
1985,Bordeaux,23.7,-0.43,45.18,-0.75
1986,Bordeaux,27.7,-0.1,45.18,-0.75
1987,Bordeaux,28.7,-0.26,45.18,-0.75
1988,Bordeaux,27.2,0.67,45.18,-0.75
1989,Bordeaux,1.2,1.18,45.18,-0.75
1990,Bordeaux,9.2,1.22,45.18,-0.75
1991,Bordeaux,25.7,0.21,45.18,-0.75
1992,Bordeaux,19.7,0.89,45.18,-0.75
1993,Bordeaux,17.2,0.26,45.18,-0.75
1994,Bordeaux,13.2,1.32,45.18,-0.75
1995,Bordeaux,13.2,0.87,45.18,-0.75
1996,Bordeaux,17.7,-0.22,45.18,-0.75
1997,Bordeaux,12.7,0.98,45.18,-0.75
1998,Bordeaux,15.7,0.76,45.18,-0.75
1999,Bordeaux,4.2,1.09,45.18,-0.75
2000,Bordeaux,15.7,1.21,45.18,-0.75
2001,Bordeaux,18.7,0.95,45.18,-0.75
2002,Bordeaux,26.7,1.22,45.18,-0.75
2003,Bordeaux,-4.3,1.28,45.18,-0.75
2004,Bordeaux,11.1,0.79,45.18,-0.75
2005,Bordeaux,-4.9,0.75,45.18,-0.75
2006,Bordeaux,16.1,1.29,45.18,-0.75
1655,Burgundy,23.0,-0.13,47.32,5.04
1656,Burgundy,26.0,0.0,47.32,5.04
1657,Burgundy,22.0,0.18,47.32,5.04
1658,Burgundy,29.0,-0.14,47.32,5.04
1659,Burgundy,10.0,-0.21,47.32,5.04
1660,Burgundy,8.0,-0.05,47.32,5.04
1661,Burgundy,12.0,0.45,47.32,5.04
1662,Burgundy,22.0,0.13,47.32,5.04
1663,Burgundy,38.0,-0.44,47.32,5.04
1664,Burgundy,19.0,-0.52,47.32,5.04
1665,Burgundy,15.0,-0.73,47.32,5.04
1666,Burgundy,10.0,0.03,47.32,5.04
1667,Burgundy,28.0,-0.65,47.32,5.04
1668,Burgundy,19.0,0.07,47.32,5.04
1669,Burgundy,13.0,-0.3,47.32,5.04
1670,Burgundy,22.0,-0.41,47.32,5.04
1671,Burgundy,16.0,-0.21,47.32,5.04
1672,Burgundy,28.0,-0.69,47.32,5.04
1673,Burgundy,35.0,-1.13,47.32,5.04
1674,Burgundy,20.0,-1.39,47.32,5.04
1675,Burgundy,44.0,-1.63,47.32,5.04
1676,Burgundy,10.0,-0.67,47.32,5.04
1677,Burgundy,27.0,-0.73,47.32,5.04
1678,Burgundy,20.0,-1.06,47.32,5.04
1679,Burgundy,26.0,-0.75,47.32,5.04
1680,Burgundy,10.0,-0.62,47.32,5.04
1681,Burgundy,9.0,-0.76,47.32,5.04
1682,Burgundy,28.0,-0.46,47.32,5.04
1683,Burgundy,13.0,-1.02,47.32,5.04
1684,Burgundy,4.0,-1.56,47.32,5.04
1685,Burgundy,12.0,-0.35,47.32,5.04
1686,Burgundy,4.0,0.64,47.32,5.04
1687,Burgundy,29.0,-0.52,47.32,5.04
1688,Burgundy,27.0,-1.65,47.32,5.04
1689,Burgundy,29.4,-0.95,47.32,5.04
1690,Burgundy,13.9,-0.57,47.32,5.04
1691,Burgundy,24.4,-1.34,47.32,5.04
1692,Burgundy,35.4,-1.78,47.32,5.04
1693,Burgundy,29.4,-1.04,47.32,5.04
1694,Burgundy,26.4,-1.84,47.32,5.04
1695,Burgundy,22.4,-2.22,47.32,5.04
1696,Burgundy,16.9,-0.99,47.32,5.04
1697,Burgundy,26.4,-1.46,47.32,5.04
1698,Burgundy,38.9,-1.84,47.32,5.04
1699,Burgundy,17.4,-0.68,47.32,5.04
1700,Burgundy,31.6,-0.91,47.32,5.04
1701,Burgundy,25.6,-0.76,47.32,5.04
1702,Burgundy,19.6,-1.4,47.32,5.04
1703,Burgundy,25.6,-1.21,47.32,5.04
1704,Burgundy,15.0,-0.44,47.32,5.04
1705,Burgundy,28.6,-0.76,47.32,5.04
1706,Burgundy,7.0,-1.04,47.32,5.04
1707,Burgundy,22.6,-1.3,47.32,5.04
1708,Burgundy,24.6,-1.51,47.32,5.04
1709,Burgundy,31.6,-2.13,47.32,5.04
1710,Burgundy,20.6,-0.02,47.32,5.04
1711,Burgundy,26.6,-0.09,47.32,5.04
1712,Burgundy,28.1,-0.37,47.32,5.04
1713,Burgundy,34.5,-0.87,47.32,5.04
1714,Burgundy,29.6,-0.07,47.32,5.04
1715,Burgundy,27.6,-0.07,47.32,5.04
1716,Burgundy,32.0,-1.13,47.32,5.04
1717,Burgundy,25.0,-0.47,47.32,5.04
1718,Burgundy,3.3,-0.22,47.32,5.04
1719,Burgundy,-0.5,-0.02,47.32,5.04
1720,Burgundy,28.3,-0.41,47.32,5.04
1721,Burgundy,32.0,-0.6,47.32,5.04
1722,Burgundy,23.3,0.79,47.32,5.04
1723,Burgundy,17.6,1.46,47.32,5.04
1724,Burgundy,22.4,-0.2,47.32,5.04
1725,Burgundy,42.0,-0.15,47.32,5.04
1726,Burgundy,11.1,-0.06,47.32,5.04
1727,Burgundy,11.3,0.79,47.32,5.04
1728,Burgundy,15.3,-0.31,47.32,5.04
1729,Burgundy,31.6,-0.45,47.32,5.04
1730,Burgundy,29.3,0.33,47.32,5.04
1731,Burgundy,22.1,-0.26,47.32,5.04
1732,Burgundy,20.6,-0.33,47.32,5.04
1733,Burgundy,28.0,0.61,47.32,5.04
1734,Burgundy,17.4,0.28,47.32,5.04
1735,Burgundy,39.1,0.46,47.32,5.04
1736,Burgundy,20.1,0.35,47.32,5.04
1737,Burgundy,19.4,0.32,47.32,5.04
1738,Burgundy,31.3,0.49,47.32,5.04
1739,Burgundy,26.2,-0.79,47.32,5.04
1740,Burgundy,49.1,-2.47,47.32,5.04
1741,Burgundy,27.3,-0.19,47.32,5.04
1742,Burgundy,33.0,-1.27,47.32,5.04
1743,Burgundy,27.0,0.52,47.32,5.04
1744,Burgundy,32.0,-0.59,47.32,5.04
1745,Burgundy,30.1,-0.78,47.32,5.04
1746,Burgundy,27.9,-0.67,47.32,5.04
1747,Burgundy,33.3,-0.18,47.32,5.04
1748,Burgundy,27.0,-0.36,47.32,5.04
1749,Burgundy,30.3,-0.13,47.32,5.04
1750,Burgundy,25.5,0.31,47.32,5.04
1751,Burgundy,37.0,-0.91,47.32,5.04
1752,Burgundy,30.0,0.14,47.32,5.04
1753,Burgundy,21.0,-0.89,47.32,5.04
1754,Burgundy,32.0,-0.87,47.32,5.04
1755,Burgundy,18.0,-0.83,47.32,5.04
1756,Burgundy,35.3,-0.29,47.32,5.04
1757,Burgundy,27.4,0.05,47.32,5.04
1758,Burgundy,26.3,-0.74,47.32,5.04
1759,Burgundy,25.3,0.32,47.32,5.04
1760,Burgundy,17.0,-0.21,47.32,5.04
1761,Burgundy,16.0,0.65,47.32,5.04
1762,Burgundy,17.0,0.12,47.32,5.04
1763,Burgundy,37.0,-0.15,47.32,5.04
1764,Burgundy,14.0,0.4,47.32,5.04
1765,Burgundy,25.6,-0.03,47.32,5.04
1766,Burgundy,28.6,0.24,47.32,5.04
1767,Burgundy,37.0,-0.43,47.32,5.04
1768,Burgundy,29.0,-0.53,47.32,5.04
1769,Burgundy,29.0,-0.32,47.32,5.04
1770,Burgundy,38.5,-0.18,47.32,5.04
1771,Burgundy,27.5,-1.02,47.32,5.04
1772,Burgundy,26.0,-0.26,47.32,5.04
1773,Burgundy,29.0,0.83,47.32,5.04
1774,Burgundy,24.0,-0.59,47.32,5.04
1775,Burgundy,27.0,0.9,47.32,5.04
1776,Burgundy,31.5,-0.25,47.32,5.04
1777,Burgundy,32.5,-0.62,47.32,5.04
1778,Burgundy,25.4,-0.1,47.32,5.04
1779,Burgundy,24.6,1.08,47.32,5.04
1780,Burgundy,20.6,-0.59,47.32,5.04
1781,Burgundy,12.0,0.38,47.32,5.04
1782,Burgundy,32.0,-1.24,47.32,5.04
1783,Burgundy,20.1,0.01,47.32,5.04
1784,Burgundy,19.4,-1.76,47.32,5.04
1785,Burgundy,24.4,-1.68,47.32,5.04
1786,Burgundy,27.8,-1.7,47.32,5.04
1787,Burgundy,35.0,-0.31,47.32,5.04
1788,Burgundy,18.6,-1.08,47.32,5.04
1789,Burgundy,38.1,-0.39,47.32,5.04
1790,Burgundy,28.8,-0.24,47.32,5.04
1791,Burgundy,20.4,0.31,47.32,5.04
1792,Burgundy,34.4,-0.43,47.32,5.04
1793,Burgundy,24.5,0.13,47.32,5.04
1794,Burgundy,15.6,0.74,47.32,5.04
1795,Burgundy,28.5,-0.71,47.32,5.04
1796,Burgundy,37.6,0.02,47.32,5.04
1797,Burgundy,41.3,0.52,47.32,5.04
1798,Burgundy,17.6,0.16,47.32,5.04
1799,Burgundy,41.5,-1.85,47.32,5.04
1800,Burgundy,26.8,-0.47,47.32,5.04
1801,Burgundy,29.3,0.19,47.32,5.04
1802,Burgundy,26.3,-0.3,47.32,5.04
1803,Burgundy,30.3,-0.92,47.32,5.04
1804,Burgundy,30.5,-0.35,47.32,5.04
1805,Burgundy,48.9,-1.38,47.32,5.04
1806,Burgundy,29.6,-0.28,47.32,5.04
1807,Burgundy,25.3,-0.66,47.32,5.04
1808,Burgundy,30.0,-1.15,47.32,5.04
1809,Burgundy,47.3,-1.32,47.32,5.04
1810,Burgundy,33.0,-1.26,47.32,5.04
1811,Burgundy,15.5,0.1,47.32,5.04
1812,Burgundy,40.0,-1.77,47.32,5.04
1813,Burgundy,42.3,-0.54,47.32,5.04
1814,Burgundy,37.8,-1.66,47.32,5.04
1815,Burgundy,23.6,-0.7,47.32,5.04
1816,Burgundy,51.5,-1.54,47.32,5.04
1817,Burgundy,43.6,-0.48,47.32,5.04
1818,Burgundy,26.6,0.17,47.32,5.04
1819,Burgundy,27.6,-0.01,47.32,5.04
1820,Burgundy,42.3,-0.97,47.32,5.04
1821,Burgundy,48.5,-0.27,47.32,5.04
1822,Burgundy,4.0,0.78,47.32,5.04
1823,Burgundy,45.0,-0.66,47.32,5.04
1824,Burgundy,43.6,0.07,47.32,5.04
1825,Burgundy,21.0,-0.07,47.32,5.04
1826,Burgundy,33.4,0.51,47.32,5.04
1827,Burgundy,30.0,-0.09,47.32,5.04
1828,Burgundy,34.4,-0.12,47.32,5.04
1829,Burgundy,43.3,-1.85,47.32,5.04
1830,Burgundy,30.0,-0.6,47.32,5.04
1831,Burgundy,30.0,-0.12,47.32,5.04
1832,Burgundy,36.0,-0.76,47.32,5.04
1833,Burgundy,29.5,-0.28,47.32,5.04
1834,Burgundy,17.0,0.51,47.32,5.04
1835,Burgundy,37.0,-0.55,47.32,5.04
1836,Burgundy,38.0,-0.57,47.32,5.04
1837,Burgundy,40.9,-0.94,47.32,5.04
1838,Burgundy,38.9,-1.75,47.32,5.04
1839,Burgundy,31.8,-0.69,47.32,5.04
1840,Burgundy,25.9,-1.02,47.32,5.04
1841,Burgundy,27.0,-0.32,47.32,5.04
1842,Burgundy,19.3,-0.27,47.32,5.04
1843,Burgundy,46.9,-0.19,47.32,5.04
1844,Burgundy,23.3,-1.2,47.32,5.04
1845,Burgundy,37.5,-1.25,47.32,5.04
1846,Burgundy,12.8,0.26,47.32,5.04
1847,Burgundy,35.8,-0.61,47.32,5.04
1848,Burgundy,30.3,-0.38,47.32,5.04
1849,Burgundy,27.3,-0.71,47.32,5.04
1850,Burgundy,36.8,-0.72,47.32,5.04
1851,Burgundy,35.8,-0.34,47.32,5.04
1852,Burgundy,25.3,-0.08,47.32,5.04
1853,Burgundy,35.5,-1.0,47.32,5.04
1854,Burgundy,28.1,-0.24,47.32,5.04
1855,Burgundy,35.3,-1.43,47.32,5.04
1856,Burgundy,32.6,-0.9,47.32,5.04
1857,Burgundy,20.9,0.23,47.32,5.04
1858,Burgundy,20.3,-0.2,47.32,5.04
1859,Burgundy,21.0,0.48,47.32,5.04
1860,Burgundy,36.8,-0.99,47.32,5.04
1861,Burgundy,26.1,-0.24,47.32,5.04
1862,Burgundy,21.9,-0.51,47.32,5.04
1863,Burgundy,20.9,0.6,47.32,5.04
1864,Burgundy,25.5,-1.22,47.32,5.04
1865,Burgundy,10.3,-0.15,47.32,5.04
1866,Burgundy,27.0,-0.08,47.32,5.04
1867,Burgundy,27.8,-0.96,47.32,5.04
1868,Burgundy,14.0,0.55,47.32,5.04
1869,Burgundy,21.8,-0.17,47.32,5.04
1870,Burgundy,21.0,-0.93,47.32,5.04
1871,Burgundy,35.3,-1.47,47.32,5.04
1872,Burgundy,29.5,0.52,47.32,5.04
1873,Burgundy,29.8,0.06,47.32,5.04
1874,Burgundy,19.5,-0.22,47.32,5.04
1875,Burgundy,24.8,-1.02,47.32,5.04
1876,Burgundy,35.6,-0.55,47.32,5.04
1877,Burgundy,35.6,-0.56,47.32,5.04
1878,Burgundy,35.0,-0.24,47.32,5.04
1879,Burgundy,47.5,-1.52,47.32,5.04
1880,Burgundy,29.9,-0.26,47.32,5.04
1881,Burgundy,27.3,-1.06,47.32,5.04
1882,Burgundy,34.9,-0.07,47.32,5.04
1883,Burgundy,36.8,-0.61,47.32,5.04
1884,Burgundy,30.3,-0.22,47.32,5.04
1885,Burgundy,25.8,-0.73,47.32,5.04
1886,Burgundy,28.9,-0.44,47.32,5.04
1887,Burgundy,28.9,-0.93,47.32,5.04
1888,Burgundy,33.2,-1.59,47.32,5.04
1889,Burgundy,25.1,-0.87,47.32,5.04
1890,Burgundy,29.9,-0.69,47.32,5.04
1891,Burgundy,38.7,-0.78,47.32,5.04
1892,Burgundy,23.0,-0.9,47.32,5.04
1893,Burgundy,-1.0,-0.5,47.32,5.04
1894,Burgundy,30.3,-0.07,47.32,5.04
1895,Burgundy,24.3,-0.74,47.32,5.04
1896,Burgundy,27.8,-0.49,47.32,5.04
1897,Burgundy,21.3,-0.08,47.32,5.04
1898,Burgundy,31.3,0.2,47.32,5.04
1899,Burgundy,26.8,-0.14,47.32,5.04
1900,Burgundy,28.8,-0.08,47.32,5.04
1901,Burgundy,16.5,-0.53,47.32,5.04
1902,Burgundy,32.4,-1.11,47.32,5.04
1903,Burgundy,34.8,-0.1,47.32,5.04
1904,Burgundy,18.8,-0.16,47.32,5.04
1905,Burgundy,24.8,-0.35,47.32,5.04
1906,Burgundy,22.5,-0.01,47.32,5.04
1907,Burgundy,34.5,-0.58,47.32,5.04
1908,Burgundy,23.0,-0.7,47.32,5.04
1909,Burgundy,33.5,-1.07,47.32,5.04
1911,Burgundy,12.4,0.38,47.32,5.04
1912,Burgundy,29.0,-0.54,47.32,5.04
1913,Burgundy,33.0,0.06,47.32,5.04
1914,Burgundy,35.5,0.08,47.32,5.04
1915,Burgundy,16.3,-0.78,47.32,5.04
1916,Burgundy,36.3,-0.2,47.32,5.04
1918,Burgundy,25.5,-0.14,47.32,5.04
1919,Burgundy,28.9,-0.99,47.32,5.04
1920,Burgundy,27.0,0.39,47.32,5.04
1921,Burgundy,20.8,0.6,47.32,5.04
1922,Burgundy,26.1,-0.93,47.32,5.04
1923,Burgundy,28.8,-0.49,47.32,5.04
1924,Burgundy,23.3,-0.52,47.32,5.04
1925,Burgundy,22.5,-0.31,47.32,5.04
1926,Burgundy,24.5,0.07,47.32,5.04
1927,Burgundy,21.5,-0.28,47.32,5.04
1928,Burgundy,25.3,-0.04,47.32,5.04
1929,Burgundy,24.5,-0.67,47.32,5.04
1930,Burgundy,26.5,0.4,47.32,5.04
1931,Burgundy,26.3,-0.67,47.32,5.04
1932,Burgundy,34.8,0.02,47.32,5.04
1933,Burgundy,26.3,-0.41,47.32,5.04
1934,Burgundy,16.3,0.92,47.32,5.04
1935,Burgundy,31.3,0.02,47.32,5.04
1936,Burgundy,29.8,0.1,47.32,5.04
1937,Burgundy,17.8,0.28,47.32,5.04
1938,Burgundy,31.8,0.45,47.32,5.04
1939,Burgundy,41.5,-0.01,47.32,5.04
1940,Burgundy,26.3,-1.24,47.32,5.04
1941,Burgundy,37.5,-1.03,47.32,5.04
1942,Burgundy,25.5,-0.8,47.32,5.04
1943,Burgundy,19.7,0.65,47.32,5.04
1944,Burgundy,33.2,0.01,47.32,5.04
1945,Burgundy,16.8,0.56,47.32,5.04
1946,Burgundy,25.0,-0.03,47.32,5.04
1947,Burgundy,16.3,0.32,47.32,5.04
1948,Burgundy,25.7,0.58,47.32,5.04
1949,Burgundy,25.0,0.88,47.32,5.04
1950,Burgundy,21.8,0.31,47.32,5.04
1951,Burgundy,34.2,0.09,47.32,5.04
1952,Burgundy,16.5,-0.18,47.32,5.04
1953,Burgundy,22.5,0.31,47.32,5.04
1954,Burgundy,38.2,-0.48,47.32,5.04
1955,Burgundy,30.8,-0.22,47.32,5.04
1956,Burgundy,42.3,-1.19,47.32,5.04
1957,Burgundy,31.9,0.17,47.32,5.04
1958,Burgundy,30.8,-0.14,47.32,5.04
1959,Burgundy,16.1,0.54,47.32,5.04
1960,Burgundy,20.8,-0.02,47.32,5.04
1961,Burgundy,24.8,0.67,47.32,5.04
1962,Burgundy,39.5,-0.67,47.32,5.04
1963,Burgundy,36.8,-0.81,47.32,5.04
1964,Burgundy,21.5,-0.08,47.32,5.04
1965,Burgundy,41.9,-0.69,47.32,5.04
1966,Burgundy,26.2,-0.04,47.32,5.04
1967,Burgundy,31.5,0.22,47.32,5.04
1968,Burgundy,31.8,-0.2,47.32,5.04
1969,Burgundy,35.8,-0.38,47.32,5.04
1970,Burgundy,30.0,-0.32,47.32,5.04
1971,Burgundy,19.1,-0.08,47.32,5.04
1972,Burgundy,36.3,-0.25,47.32,5.04
1973,Burgundy,23.5,-0.01,47.32,5.04
1974,Burgundy,24.9,0.14,47.32,5.04
1975,Burgundy,26.5,0.39,47.32,5.04
1976,Burgundy,8.8,-0.08,47.32,5.04
1977,Burgundy,35.1,0.07,47.32,5.04
1978,Burgundy,35.1,-0.46,47.32,5.04
1979,Burgundy,27.1,-0.28,47.32,5.04
1980,Burgundy,39.0,-0.46,47.32,5.04
1981,Burgundy,24.1,-0.05,47.32,5.04
1982,Burgundy,19.0,0.51,47.32,5.04
1983,Burgundy,26.0,0.64,47.32,5.04
1984,Burgundy,33.5,-0.1,47.32,5.04
1985,Burgundy,27.1,-0.43,47.32,5.04
1986,Burgundy,24.6,-0.1,47.32,5.04
1987,Burgundy,29.0,-0.26,47.32,5.04
1988,Burgundy,22.1,0.67,47.32,5.04
1989,Burgundy,14.1,1.18,47.32,5.04
1990,Burgundy,20.1,1.22,47.32,5.04
1991,Burgundy,26.0,0.21,47.32,5.04
1992,Burgundy,16.3,0.89,47.32,5.04
1993,Burgundy,16.5,0.26,47.32,5.04
1994,Burgundy,16.2,1.32,47.32,5.04
1995,Burgundy,22.5,0.87,47.32,5.04
1996,Burgundy,20.2,-0.22,47.32,5.04
1997,Burgundy,11.9,0.98,47.32,5.04
1998,Burgundy,18.1,0.76,47.32,5.04
1999,Burgundy,16.1,1.09,47.32,5.04
2000,Burgundy,11.2,1.21,47.32,5.04
2001,Burgundy,20.1,0.95,47.32,5.04
2002,Burgundy,16.2,1.22,47.32,5.04
2003,Burgundy,-10.1,1.28,47.32,5.04
2004,Burgundy,21.5,0.79,47.32,5.04
2005,Burgundy,13.5,0.75,47.32,5.04
2006,Burgundy,16.0,1.29,47.32,5.04
1799,Champagne 1,30.5,-1.85,49.04,3.97
1800,Champagne 1,30.2,-0.47,49.04,3.97
1801,Champagne 1,21.8,0.19,49.04,3.97
1802,Champagne 1,27.8,-0.3,49.04,3.97
1803,Champagne 1,20.6,-0.92,49.04,3.97
1804,Champagne 1,25.9,-0.35,49.04,3.97
1805,Champagne 1,45.6,-1.38,49.04,3.97
1806,Champagne 1,23.6,-0.28,49.04,3.97
1807,Champagne 1,23.0,-0.66,49.04,3.97
1808,Champagne 1,30.0,-1.15,49.04,3.97
1809,Champagne 1,44.0,-1.32,49.04,3.97
1810,Champagne 1,33.6,-1.26,49.04,3.97
1811,Champagne 1,11.6,0.1,49.04,3.97
1812,Champagne 1,37.2,-1.77,49.04,3.97
1813,Champagne 1,42.4,-0.54,49.04,3.97
1814,Champagne 1,34.9,-1.66,49.04,3.97
1815,Champagne 1,30.8,-0.7,49.04,3.97
1816,Champagne 1,55.0,-1.54,49.04,3.97
1817,Champagne 1,45.5,-0.48,49.04,3.97
1818,Champagne 1,18.9,0.17,49.04,3.97
1819,Champagne 1,29.2,-0.01,49.04,3.97
1820,Champagne 1,37.9,-0.97,49.04,3.97
1821,Champagne 1,42.3,-0.27,49.04,3.97
1822,Champagne 1,0.1,0.78,49.04,3.97
1823,Champagne 1,41.5,-0.66,49.04,3.97
1824,Champagne 1,42.4,0.07,49.04,3.97
1825,Champagne 1,21.5,-0.07,49.04,3.97
1826,Champagne 1,27.5,0.51,49.04,3.97
1827,Champagne 1,23.4,-0.09,49.04,3.97
1828,Champagne 1,29.1,-0.12,49.04,3.97
1829,Champagne 1,38.8,-1.85,49.04,3.97
1830,Champagne 1,26.5,-0.6,49.04,3.97
1831,Champagne 1,28.0,-0.12,49.04,3.97
1832,Champagne 1,34.0,-0.76,49.04,3.97
1833,Champagne 1,25.9,-0.28,49.04,3.97
1834,Champagne 1,18.4,0.51,49.04,3.97
1835,Champagne 1,36.9,-0.55,49.04,3.97
1836,Champagne 1,34.9,-0.57,49.04,3.97
1837,Champagne 1,37.8,-0.94,49.04,3.97
1838,Champagne 1,40.2,-1.75,49.04,3.97
1839,Champagne 1,26.0,-0.69,49.04,3.97
1840,Champagne 1,25.0,-1.02,49.04,3.97
1841,Champagne 1,29.5,-0.32,49.04,3.97
1842,Champagne 1,15.4,-0.27,49.04,3.97
1843,Champagne 1,41.2,-0.19,49.04,3.97
1844,Champagne 1,25.8,-1.2,49.04,3.97
1845,Champagne 1,38.0,-1.25,49.04,3.97
1846,Champagne 1,10.0,0.26,49.04,3.97
1847,Champagne 1,31.0,-0.61,49.04,3.97
1848,Champagne 1,27.8,-0.38,49.04,3.97
1849,Champagne 1,32.0,-0.71,49.04,3.97
1850,Champagne 1,39.2,-0.72,49.04,3.97
1851,Champagne 1,38.8,-0.34,49.04,3.97
1852,Champagne 1,37.2,-0.08,49.04,3.97
1853,Champagne 1,35.5,-1.0,49.04,3.97
1854,Champagne 1,30.4,-0.24,49.04,3.97
1855,Champagne 1,33.0,-1.43,49.04,3.97
1856,Champagne 1,36.3,-0.9,49.04,3.97
1857,Champagne 1,22.1,0.23,49.04,3.97
1858,Champagne 1,21.1,-0.2,49.04,3.97
1859,Champagne 1,18.9,0.48,49.04,3.97
1860,Champagne 1,37.8,-0.99,49.04,3.97
1861,Champagne 1,24.6,-0.24,49.04,3.97
1862,Champagne 1,25.9,-0.51,49.04,3.97
1863,Champagne 1,28.3,0.6,49.04,3.97
1864,Champagne 1,31.8,-1.22,49.04,3.97
1865,Champagne 1,6.8,-0.15,49.04,3.97
1866,Champagne 1,32.0,-0.08,49.04,3.97
1867,Champagne 1,25.8,-0.96,49.04,3.97
1868,Champagne 1,9.5,0.55,49.04,3.97
1869,Champagne 1,24.0,-0.17,49.04,3.97
1870,Champagne 1,11.9,-0.93,49.04,3.97
1871,Champagne 1,33.0,-1.47,49.04,3.97
1872,Champagne 1,31.9,0.52,49.04,3.97
1873,Champagne 1,31.8,0.06,49.04,3.97
1874,Champagne 1,25.0,-0.22,49.04,3.97
1875,Champagne 1,33.9,-1.02,49.04,3.97
1876,Champagne 1,29.2,-0.55,49.04,3.97
1877,Champagne 1,31.0,-0.56,49.04,3.97
1878,Champagne 1,32.2,-0.24,49.04,3.97
1879,Champagne 1,41.9,-1.52,49.04,3.97
1806,Champagne 2,32.0,-0.28,47.98,4.28
1822,Champagne 2,-13.0,0.78,47.98,4.28
1825,Champagne 2,14.0,-0.07,47.98,4.28
1826,Champagne 2,23.1,0.51,47.98,4.28
1827,Champagne 2,25.6,-0.09,47.98,4.28
1828,Champagne 2,23.6,-0.12,47.98,4.28
1829,Champagne 2,37.6,-1.85,47.98,4.28
1830,Champagne 2,33.6,-0.6,47.98,4.28
1831,Champagne 2,33.1,-0.12,47.98,4.28
1832,Champagne 2,27.1,-0.76,47.98,4.28
1833,Champagne 2,26.6,-0.28,47.98,4.28
1834,Champagne 2,14.1,0.51,47.98,4.28
1835,Champagne 2,30.1,-0.55,47.98,4.28
1836,Champagne 2,26.6,-0.57,47.98,4.28
1837,Champagne 2,29.6,-0.94,47.98,4.28
1838,Champagne 2,35.0,-1.75,47.98,4.28
1839,Champagne 2,21.4,-0.69,47.98,4.28
1840,Champagne 2,24.0,-1.02,47.98,4.28
1841,Champagne 2,21.4,-0.32,47.98,4.28
1842,Champagne 2,13.3,-0.27,47.98,4.28
1843,Champagne 2,36.7,-0.19,47.98,4.28
1844,Champagne 2,23.7,-1.2,47.98,4.28
1845,Champagne 2,31.7,-1.25,47.98,4.28
1846,Champagne 2,8.8,0.26,47.98,4.28
1847,Champagne 2,28.8,-0.61,47.98,4.28
1848,Champagne 2,22.2,-0.38,47.98,4.28
1849,Champagne 2,23.7,-0.71,47.98,4.28
1850,Champagne 2,24.3,-0.72,47.98,4.28
1851,Champagne 2,28.8,-0.34,47.98,4.28
1852,Champagne 2,23.0,-0.08,47.98,4.28
1853,Champagne 2,29.2,-1.0,47.98,4.28
1854,Champagne 2,29.8,-0.24,47.98,4.28
1855,Champagne 2,27.0,-1.43,47.98,4.28
1856,Champagne 2,26.8,-0.9,47.98,4.28
1857,Champagne 2,15.3,0.23,47.98,4.28
1858,Champagne 2,16.3,-0.2,47.98,4.28
1859,Champagne 2,20.3,0.48,47.98,4.28
1860,Champagne 2,34.8,-0.99,47.98,4.28
1861,Champagne 2,21.3,-0.24,47.98,4.28
1862,Champagne 2,18.3,-0.51,47.98,4.28
1863,Champagne 2,25.5,0.6,47.98,4.28
1864,Champagne 2,22.2,-1.22,47.98,4.28
1865,Champagne 2,1.1,-0.15,47.98,4.28
1866,Champagne 2,27.3,-0.08,47.98,4.28
1867,Champagne 2,26.8,-0.96,47.98,4.28
1868,Champagne 2,11.1,0.55,47.98,4.28
1869,Champagne 2,23.8,-0.17,47.98,4.28
1870,Champagne 2,11.5,-0.93,47.98,4.28
1871,Champagne 2,28.0,-1.47,47.98,4.28
1872,Champagne 2,24.3,0.52,47.98,4.28
1873,Champagne 2,28.7,0.06,47.98,4.28
1874,Champagne 2,16.7,-0.22,47.98,4.28
1875,Champagne 2,21.3,-1.02,47.98,4.28
1876,Champagne 2,26.8,-0.55,47.98,4.28
1877,Champagne 2,27.4,-0.56,47.98,4.28
1878,Champagne 2,24.3,-0.24,47.98,4.28
1879,Champagne 2,37.8,-1.52,47.98,4.28
1880,Champagne 2,22.5,-0.26,47.98,4.28
1881,Champagne 2,22.6,-1.06,47.98,4.28
1882,Champagne 2,33.8,-0.07,47.98,4.28
1883,Champagne 2,25.9,-0.61,47.98,4.28
1884,Champagne 2,22.8,-0.22,47.98,4.28
1885,Champagne 2,23.0,-0.73,47.98,4.28
1886,Champagne 2,22.9,-0.44,47.98,4.28
1887,Champagne 2,26.9,-0.93,47.98,4.28
1888,Champagne 2,30.4,-1.59,47.98,4.28
1889,Champagne 2,12.4,-0.87,47.98,4.28
1890,Champagne 2,29.9,-0.69,47.98,4.28
1891,Champagne 2,39.0,-0.78,47.98,4.28
1892,Champagne 2,17.0,-0.9,47.98,4.28
1893,Champagne 2,-2.2,-0.5,47.98,4.28
1894,Champagne 2,25.4,-0.07,47.98,4.28
1895,Champagne 2,17.9,-0.74,47.98,4.28
1896,Champagne 2,23.8,-0.49,47.98,4.28
1897,Champagne 2,16.0,-0.08,47.98,4.28
1898,Champagne 2,38.4,0.2,47.98,4.28
1899,Champagne 2,23.9,-0.14,47.98,4.28
1900,Champagne 2,18.0,-0.08,47.98,4.28
1901,Champagne 2,19.5,-0.53,47.98,4.28
1902,Champagne 2,31.0,-1.11,47.98,4.28
1903,Champagne 2,33.0,-0.1,47.98,4.28
1904,Champagne 2,17.0,-0.16,47.98,4.28
1905,Champagne 2,23.0,-0.35,47.98,4.28
1906,Champagne 2,18.0,-0.01,47.98,4.28
1907,Champagne 2,30.0,-0.58,47.98,4.28
1908,Champagne 2,16.0,-0.7,47.98,4.28
1909,Champagne 2,26.0,-1.07,47.98,4.28
1911,Champagne 2,10.0,0.38,47.98,4.28
1912,Champagne 2,28.0,-0.54,47.98,4.28
1913,Champagne 2,36.0,0.06,47.98,4.28
1914,Champagne 2,28.0,0.08,47.98,4.28
1915,Champagne 2,10.0,-0.78,47.98,4.28
1916,Champagne 2,25.0,-0.2,47.98,4.28
1917,Champagne 2,10.0,-0.95,47.98,4.28
1918,Champagne 2,24.0,-0.14,47.98,4.28
1919,Champagne 2,28.0,-0.99,47.98,4.28
1920,Champagne 2,22.0,0.39,47.98,4.28
1921,Champagne 2,19.0,0.6,47.98,4.28
1922,Champagne 2,23.0,-0.93,47.98,4.28
1923,Champagne 2,38.0,-0.49,47.98,4.28
1924,Champagne 2,24.3,-0.52,47.98,4.28
1925,Champagne 2,29.3,-0.31,47.98,4.28
1926,Champagne 2,35.3,0.07,47.98,4.28
1927,Champagne 2,22.8,-0.28,47.98,4.28
1928,Champagne 2,27.8,-0.04,47.98,4.28
1929,Champagne 2,25.3,-0.67,47.98,4.28
1930,Champagne 2,25.3,0.4,47.98,4.28
1931,Champagne 2,27.0,-0.67,47.98,4.28
1932,Champagne 2,34.0,0.02,47.98,4.28
1933,Champagne 2,22.8,-0.41,47.98,4.28
1934,Champagne 2,15.0,0.92,47.98,4.28
1935,Champagne 2,29.0,0.02,47.98,4.28
1936,Champagne 2,31.0,0.1,47.98,4.28
1937,Champagne 2,21.0,0.28,47.98,4.28
1938,Champagne 2,28.0,0.45,47.98,4.28
1939,Champagne 2,34.0,-0.01,47.98,4.28
1940,Champagne 2,25.0,-1.24,47.98,4.28
1941,Champagne 2,36.0,-1.03,47.98,4.28
1942,Champagne 2,24.0,-0.8,47.98,4.28
1943,Champagne 2,15.0,0.65,47.98,4.28
1944,Champagne 2,27.0,0.01,47.98,4.28
1945,Champagne 2,8.0,0.56,47.98,4.28
1946,Champagne 2,28.0,-0.03,47.98,4.28
1947,Champagne 2,5.0,0.32,47.98,4.28
1948,Champagne 2,20.0,0.58,47.98,4.28
1949,Champagne 2,19.0,0.88,47.98,4.28
1950,Champagne 2,11.0,0.31,47.98,4.28
1951,Champagne 2,31.0,0.09,47.98,4.28
1952,Champagne 2,8.0,-0.18,47.98,4.28
1953,Champagne 2,15.0,0.31,47.98,4.28
1954,Champagne 2,27.0,-0.48,47.98,4.28
1955,Champagne 2,28.0,-0.22,47.98,4.28
1956,Champagne 2,38.0,-1.19,47.98,4.28
1957,Champagne 2,20.0,0.17,47.98,4.28
1958,Champagne 2,31.0,-0.14,47.98,4.28
1959,Champagne 2,10.0,0.54,47.98,4.28
1960,Champagne 2,12.0,-0.02,47.98,4.28
1961,Champagne 2,20.0,0.67,47.98,4.28
1962,Champagne 2,34.0,-0.67,47.98,4.28
1963,Champagne 2,35.0,-0.81,47.98,4.28
1964,Champagne 2,17.0,-0.08,47.98,4.28
1965,Champagne 2,39.5,-0.69,47.98,4.28
1966,Champagne 2,23.0,-0.04,47.98,4.28
1967,Champagne 2,28.0,0.22,47.98,4.28
1968,Champagne 2,33.5,-0.2,47.98,4.28
1969,Champagne 2,31.0,-0.38,47.98,4.28
1970,Champagne 2,27.0,-0.32,47.98,4.28
1971,Champagne 2,18.0,-0.08,47.98,4.28
1972,Champagne 2,42.0,-0.25,47.98,4.28
1973,Champagne 2,28.0,-0.01,47.98,4.28
1974,Champagne 2,28.0,0.14,47.98,4.28
1975,Champagne 2,30.5,0.39,47.98,4.28
1976,Champagne 2,1.0,-0.08,47.98,4.28
1977,Champagne 2,36.0,0.07,47.98,4.28
1978,Champagne 2,39.0,-0.46,47.98,4.28
1979,Champagne 2,33.0,-0.28,47.98,4.28
1980,Champagne 2,39.0,-0.46,47.98,4.28
1981,Champagne 2,28.0,-0.05,47.98,4.28
1982,Champagne 2,20.0,0.51,47.98,4.28
1983,Champagne 2,29.0,0.64,47.98,4.28
1984,Champagne 2,38.0,-0.1,47.98,4.28
1985,Champagne 2,30.0,-0.43,47.98,4.28
1986,Champagne 2,30.0,-0.1,47.98,4.28
1987,Champagne 2,37.0,-0.26,47.98,4.28
1988,Champagne 2,26.0,0.67,47.98,4.28
1989,Champagne 2,12.0,1.18,47.98,4.28
1990,Champagne 2,16.0,1.22,47.98,4.28
1991,Champagne 2,31.0,0.21,47.98,4.28
1992,Champagne 2,19.0,0.89,47.98,4.28
1993,Champagne 2,14.0,0.26,47.98,4.28
1994,Champagne 2,19.0,1.32,47.98,4.28
1995,Champagne 2,25.0,0.87,47.98,4.28
1996,Champagne 2,22.0,-0.22,47.98,4.28
1997,Champagne 2,18.0,0.98,47.98,4.28
1998,Champagne 2,17.0,0.76,47.98,4.28
1999,Champagne 2,19.0,1.09,47.98,4.28
2000,Champagne 2,17.0,1.21,47.98,4.28
2001,Champagne 2,26.0,0.95,47.98,4.28
2002,Champagne 2,17.0,1.22,47.98,4.28
2003,Champagne 2,-4.0,1.28,47.98,4.28
2004,Champagne 2,26.0,0.79,47.98,4.28
2005,Champagne 2,16.0,0.75,47.98,4.28
2006,Champagne 2,16.0,1.29,47.98,4.28
1656,Gaillac South West,31.0,0.0,,
1658,Gaillac South West,25.0,-0.14,,
1659,Gaillac South West,23.0,-0.21,,
1660,Gaillac South West,26.0,-0.05,,
1667,Gaillac South West,43.0,-0.65,,
1668,Gaillac South West,41.0,0.07,,
1670,Gaillac South West,33.0,-0.41,,
1672,Gaillac South West,40.0,-0.69,,
1673,Gaillac South West,49.0,-1.13,,
1675,Gaillac South West,58.5,-1.63,,
1676,Gaillac South West,23.0,-0.67,,
1677,Gaillac South West,31.0,-0.73,,
1678,Gaillac South West,32.0,-1.06,,
1679,Gaillac South West,30.0,-0.75,,
1680,Gaillac South West,28.0,-0.62,,
1683,Gaillac South West,36.0,-1.02,,
1686,Gaillac South West,29.0,0.64,,
1691,Gaillac South West,43.0,-1.34,,
1703,Gaillac South West,40.0,-1.21,,
1727,Gaillac South West,25.0,0.79,,
1728,Gaillac South West,30.0,-0.31,,
1741,Gaillac South West,26.0,-0.19,,
1744,Gaillac South West,39.0,-0.59,,
1748,Gaillac South West,34.0,-0.36,,
1756,Gaillac South West,38.0,-0.29,,
1764,Gaillac South West,27.0,0.4,,
1765,Gaillac South West,40.0,-0.03,,
1766,Gaillac South West,39.0,0.24,,
1772,Gaillac South West,28.0,-0.26,,
1773,Gaillac South West,37.0,0.83,,
1774,Gaillac South West,33.0,-0.59,,
1775,Gaillac South West,32.0,0.9,,
1776,Gaillac South West,40.0,-0.25,,
1777,Gaillac South West,43.0,-0.62,,
1778,Gaillac South West,31.0,-0.1,,
1779,Gaillac South West,30.0,1.08,,
1780,Gaillac South West,25.0,-0.59,,
1781,Gaillac South West,20.0,0.38,,
1782,Gaillac South West,26.0,-1.24,,
1783,Gaillac South West,25.0,0.01,,
1787,Gaillac South West,38.0,-0.31,,
1789,Gaillac South West,36.0,-0.39,,
1655,Germany,13.0,-0.13,48.77,9.17
1656,Germany,47.0,0.0,48.77,9.17
1657,Germany,36.0,0.18,48.77,9.17
1661,Germany,34.0,0.45,48.77,9.17
1662,Germany,44.0,0.13,48.77,9.17
1664,Germany,40.0,-0.52,48.77,9.17
1665,Germany,37.0,-0.73,48.77,9.17
1666,Germany,45.0,0.03,48.77,9.17
1667,Germany,30.0,-0.65,48.77,9.17
1668,Germany,39.0,0.07,48.77,9.17
1669,Germany,33.0,-0.3,48.77,9.17
1670,Germany,33.0,-0.41,48.77,9.17
1671,Germany,33.0,-0.21,48.77,9.17
1672,Germany,45.0,-0.69,48.77,9.17
1675,Germany,57.0,-1.63,48.77,9.17
1676,Germany,26.0,-0.67,48.77,9.17
1677,Germany,43.0,-0.73,48.77,9.17
1679,Germany,37.0,-0.75,48.77,9.17
1680,Germany,35.0,-0.62,48.77,9.17
1681,Germany,38.0,-0.76,48.77,9.17
1682,Germany,44.0,-0.46,48.77,9.17
1683,Germany,35.0,-1.02,48.77,9.17
1684,Germany,23.0,-1.56,48.77,9.17
1685,Germany,46.0,-0.35,48.77,9.17
1686,Germany,26.0,0.64,48.77,9.17
1687,Germany,42.0,-0.52,48.77,9.17
1688,Germany,39.0,-1.65,48.77,9.17
1690,Germany,44.0,-0.57,48.77,9.17
1691,Germany,42.0,-1.34,48.77,9.17
1692,Germany,48.0,-1.78,48.77,9.17
1693,Germany,38.0,-1.04,48.77,9.17
1694,Germany,38.0,-1.84,48.77,9.17
1695,Germany,46.0,-2.22,48.77,9.17
1696,Germany,43.0,-0.99,48.77,9.17
1697,Germany,38.0,-1.46,48.77,9.17
1698,Germany,25.0,-1.84,48.77,9.17
1699,Germany,44.0,-0.68,48.77,9.17
1700,Germany,41.0,-0.91,48.77,9.17
1701,Germany,40.0,-0.76,48.77,9.17
1702,Germany,43.0,-1.4,48.77,9.17
1703,Germany,42.0,-1.21,48.77,9.17
1704,Germany,30.0,-0.44,48.77,9.17
1705,Germany,49.0,-0.76,48.77,9.17
1706,Germany,40.0,-1.04,48.77,9.17
1707,Germany,40.0,-1.3,48.77,9.17
1708,Germany,39.0,-1.51,48.77,9.17
1709,Germany,37.0,-2.13,48.77,9.17
1710,Germany,36.0,-0.02,48.77,9.17
1711,Germany,32.0,-0.09,48.77,9.17
1712,Germany,30.0,-0.37,48.77,9.17
1713,Germany,47.0,-0.87,48.77,9.17
1714,Germany,42.0,-0.07,48.77,9.17
1715,Germany,38.0,-0.07,48.77,9.17
1716,Germany,54.0,-1.13,48.77,9.17
1717,Germany,32.0,-0.47,48.77,9.17
1718,Germany,22.0,-0.22,48.77,9.17
1719,Germany,29.0,-0.02,48.77,9.17
1720,Germany,33.0,-0.41,48.77,9.17
1721,Germany,40.0,-0.6,48.77,9.17
1722,Germany,38.0,0.79,48.77,9.17
1723,Germany,39.0,1.46,48.77,9.17
1724,Germany,30.0,-0.2,48.77,9.17
1725,Germany,57.0,-0.15,48.77,9.17
1726,Germany,48.0,-0.06,48.77,9.17
1727,Germany,25.0,0.79,48.77,9.17
1728,Germany,30.0,-0.31,48.77,9.17
1729,Germany,40.0,-0.45,48.77,9.17
1730,Germany,44.0,0.33,48.77,9.17
1731,Germany,40.0,-0.26,48.77,9.17
1732,Germany,44.0,-0.33,48.77,9.17
1733,Germany,31.0,0.61,48.77,9.17
1734,Germany,39.0,0.28,48.77,9.17
1735,Germany,41.0,0.46,48.77,9.17
1736,Germany,34.0,0.35,48.77,9.17
1737,Germany,36.0,0.32,48.77,9.17
1738,Germany,37.0,0.49,48.77,9.17
1739,Germany,36.0,-0.79,48.77,9.17
1740,Germany,44.0,-2.47,48.77,9.17
1741,Germany,44.0,-0.19,48.77,9.17
1742,Germany,49.0,-1.27,48.77,9.17
1743,Germany,40.0,0.52,48.77,9.17
1744,Germany,40.0,-0.59,48.77,9.17
1745,Germany,30.0,-0.78,48.77,9.17
1746,Germany,37.0,-0.67,48.77,9.17
1747,Germany,35.0,-0.18,48.77,9.17
1748,Germany,33.0,-0.36,48.77,9.17
1749,Germany,40.0,-0.13,48.77,9.17
1750,Germany,39.0,0.31,48.77,9.17
1751,Germany,46.0,-0.91,48.77,9.17
1752,Germany,43.0,0.14,48.77,9.17
1753,Germany,38.0,-0.89,48.77,9.17
1754,Germany,40.0,-0.87,48.77,9.17
1755,Germany,36.0,-0.83,48.77,9.17
1756,Germany,41.0,-0.29,48.77,9.17
1757,Germany,35.0,0.05,48.77,9.17
1758,Germany,42.0,-0.74,48.77,9.17
1759,Germany,36.0,0.32,48.77,9.17
1760,Germany,34.0,-0.21,48.77,9.17
1761,Germany,32.0,0.65,48.77,9.17
1762,Germany,30.0,0.12,48.77,9.17
1763,Germany,47.0,-0.15,48.77,9.17
1764,Germany,35.0,0.4,48.77,9.17
1765,Germany,42.0,-0.03,48.77,9.17
1766,Germany,39.0,0.24,48.77,9.17
1767,Germany,54.0,-0.43,48.77,9.17
1768,Germany,45.0,-0.53,48.77,9.17
1769,Germany,40.0,-0.32,48.77,9.17
1770,Germany,47.5,-0.18,48.77,9.17
1771,Germany,39.5,-1.02,48.77,9.17
1772,Germany,43.0,-0.26,48.77,9.17
1773,Germany,49.0,0.83,48.77,9.17
1774,Germany,39.5,-0.59,48.77,9.17
1775,Germany,41.5,0.9,48.77,9.17
1776,Germany,45.5,-0.25,48.77,9.17
1777,Germany,51.0,-0.62,48.77,9.17
1778,Germany,38.5,-0.1,48.77,9.17
1779,Germany,36.5,1.08,48.77,9.17
1780,Germany,39.5,-0.59,48.77,9.17
1781,Germany,29.5,0.38,48.77,9.17
1782,Germany,45.5,-1.24,48.77,9.17
1783,Germany,35.5,0.01,48.77,9.17
1784,Germany,37.0,-1.76,48.77,9.17
1785,Germany,53.0,-1.68,48.77,9.17
1786,Germany,48.0,-1.7,48.77,9.17
1787,Germany,49.0,-0.31,48.77,9.17
1788,Germany,32.5,-1.08,48.77,9.17
1789,Germany,45.5,-0.39,48.77,9.17
1790,Germany,43.5,-0.24,48.77,9.17
1791,Germany,42.0,0.31,48.77,9.17
1792,Germany,46.5,-0.43,48.77,9.17
1793,Germany,45.5,0.13,48.77,9.17
1794,Germany,25.5,0.74,48.77,9.17
1795,Germany,46.0,-0.71,48.77,9.17
1796,Germany,47.5,0.02,48.77,9.17
1797,Germany,40.0,0.52,48.77,9.17
1798,Germany,40.0,0.16,48.77,9.17
1799,Germany,52.0,-1.85,48.77,9.17
1800,Germany,33.0,-0.47,48.77,9.17
1801,Germany,43.5,0.19,48.77,9.17
1802,Germany,48.0,-0.3,48.77,9.17
1803,Germany,53.0,-0.92,48.77,9.17
1804,Germany,41.0,-0.35,48.77,9.17
1805,Germany,48.0,-1.38,48.77,9.17
1806,Germany,42.0,-0.28,48.77,9.17
1807,Germany,43.5,-0.66,48.77,9.17
1808,Germany,44.0,-1.15,48.77,9.17
1809,Germany,48.0,-1.32,48.77,9.17
1810,Germany,49.0,-1.26,48.77,9.17
1811,Germany,33.0,0.1,48.77,9.17
1812,Germany,57.0,-1.77,48.77,9.17
1813,Germany,56.0,-0.54,48.77,9.17
1817,Germany,53.0,-0.48,48.77,9.17
1818,Germany,44.0,0.17,48.77,9.17
1819,Germany,42.0,-0.01,48.77,9.17
1820,Germany,54.0,-0.97,48.77,9.17
1821,Germany,60.0,-0.27,48.77,9.17
1822,Germany,25.0,0.78,48.77,9.17
1823,Germany,55.0,-0.66,48.77,9.17
1824,Germany,51.0,0.07,48.77,9.17
1825,Germany,47.0,-0.07,48.77,9.17
1826,Germany,49.0,0.51,48.77,9.17
1827,Germany,41.0,-0.09,48.77,9.17
1828,Germany,47.0,-0.12,48.77,9.17
1829,Germany,51.0,-1.85,48.77,9.17
1830,Germany,46.0,-0.6,48.77,9.17
1655,High Loire Valley,34.0,-0.13,47.07,2.0
1656,High Loire Valley,32.0,0.0,47.07,2.0
1657,High Loire Valley,24.0,0.18,47.07,2.0
1658,High Loire Valley,37.0,-0.14,47.07,2.0
1667,High Loire Valley,33.0,-0.65,47.07,2.0
1673,High Loire Valley,40.0,-1.13,47.07,2.0
1674,High Loire Valley,33.0,-1.39,47.07,2.0
1675,High Loire Valley,55.0,-1.63,47.07,2.0
1676,High Loire Valley,18.0,-0.67,47.07,2.0
1677,High Loire Valley,30.0,-0.73,47.07,2.0
1678,High Loire Valley,29.0,-1.06,47.07,2.0
1679,High Loire Valley,32.0,-0.75,47.07,2.0
1680,High Loire Valley,23.0,-0.62,47.07,2.0
1681,High Loire Valley,29.0,-0.76,47.07,2.0
1801,High Loire Valley,30.0,0.19,47.07,2.0
1802,High Loire Valley,17.0,-0.3,47.07,2.0
1803,High Loire Valley,25.0,-0.92,47.07,2.0
1804,High Loire Valley,33.0,-0.35,47.07,2.0
1805,High Loire Valley,43.0,-1.38,47.07,2.0
1806,High Loire Valley,28.0,-0.28,47.07,2.0
1807,High Loire Valley,23.0,-0.66,47.07,2.0
1808,High Loire Valley,27.0,-1.15,47.07,2.0
1810,High Loire Valley,26.0,-1.26,47.07,2.0
1811,High Loire Valley,22.0,0.1,47.07,2.0
1812,High Loire Valley,49.0,-1.77,47.07,2.0
1813,High Loire Valley,48.0,-0.54,47.07,2.0
1814,High Loire Valley,42.0,-1.66,47.07,2.0
1815,High Loire Valley,34.0,-0.7,47.07,2.0
1816,High Loire Valley,58.0,-1.54,47.07,2.0
1817,High Loire Valley,42.0,-0.48,47.07,2.0
1818,High Loire Valley,22.5,0.17,47.07,2.0
1819,High Loire Valley,36.0,-0.01,47.07,2.0
1820,High Loire Valley,33.5,-0.97,47.07,2.0
1821,High Loire Valley,43.0,-0.27,47.07,2.0
1822,High Loire Valley,-1.0,0.78,47.07,2.0
1823,High Loire Valley,43.0,-0.66,47.07,2.0
1824,High Loire Valley,42.0,0.07,47.07,2.0
1825,High Loire Valley,19.0,-0.07,47.07,2.0
1826,High Loire Valley,31.0,0.51,47.07,2.0
1827,High Loire Valley,27.0,-0.09,47.07,2.0
1828,High Loire Valley,32.0,-0.12,47.07,2.0
1829,High Loire Valley,43.0,-1.85,47.07,2.0
1830,High Loire Valley,28.0,-0.6,47.07,2.0
1831,High Loire Valley,24.0,-0.12,47.07,2.0
1832,High Loire Valley,32.5,-0.76,47.07,2.0
1833,High Loire Valley,29.0,-0.28,47.07,2.0
1834,High Loire Valley,17.5,0.51,47.07,2.0
1835,High Loire Valley,37.0,-0.55,47.07,2.0
1836,High Loire Valley,31.5,-0.57,47.07,2.0
1837,High Loire Valley,36.5,-0.94,47.07,2.0
1838,High Loire Valley,43.5,-1.75,47.07,2.0
1839,High Loire Valley,30.5,-0.69,47.07,2.0
1840,High Loire Valley,22.5,-1.02,47.07,2.0
1841,High Loire Valley,32.5,-0.32,47.07,2.0
1842,High Loire Valley,21.0,-0.27,47.07,2.0
1843,High Loire Valley,40.0,-0.19,47.07,2.0
1844,High Loire Valley,20.0,-1.2,47.07,2.0
1845,High Loire Valley,45.0,-1.25,47.07,2.0
1846,High Loire Valley,14.0,0.26,47.07,2.0
1847,High Loire Valley,30.0,-0.61,47.07,2.0
1848,High Loire Valley,27.0,-0.38,47.07,2.0
1849,High Loire Valley,31.0,-0.71,47.07,2.0
1850,High Loire Valley,43.5,-0.72,47.07,2.0
1851,High Loire Valley,38.5,-0.34,47.07,2.0
1852,High Loire Valley,32.0,-0.08,47.07,2.0
1853,High Loire Valley,45.5,-1.0,47.07,2.0
1854,High Loire Valley,35.0,-0.24,47.07,2.0
1855,High Loire Valley,41.5,-1.43,47.07,2.0
1856,High Loire Valley,33.0,-0.9,47.07,2.0
1857,High Loire Valley,24.0,0.23,47.07,2.0
1858,High Loire Valley,30.5,-0.2,47.07,2.0
1859,High Loire Valley,22.5,0.48,47.07,2.0
1860,High Loire Valley,47.0,-0.99,47.07,2.0
1861,High Loire Valley,26.5,-0.24,47.07,2.0
1862,High Loire Valley,30.0,-0.51,47.07,2.0
1863,High Loire Valley,31.0,0.6,47.07,2.0
1864,High Loire Valley,25.0,-1.22,47.07,2.0
1865,High Loire Valley,15.0,-0.15,47.07,2.0
1866,High Loire Valley,34.5,-0.08,47.07,2.0
1867,High Loire Valley,35.0,-0.96,47.07,2.0
1868,High Loire Valley,18.0,0.55,47.07,2.0
1869,High Loire Valley,26.0,-0.17,47.07,2.0
1870,High Loire Valley,12.0,-0.93,47.07,2.0
1871,High Loire Valley,33.0,-1.47,47.07,2.0
1872,High Loire Valley,28.0,0.52,47.07,2.0
1873,High Loire Valley,26.0,0.06,47.07,2.0
1874,High Loire Valley,21.5,-0.22,47.07,2.0
1875,High Loire Valley,31.5,-1.02,47.07,2.0
1876,High Loire Valley,31.5,-0.55,47.07,2.0
1877,High Loire Valley,32.5,-0.56,47.07,2.0
1878,High Loire Valley,36.5,-0.24,47.07,2.0
1879,High Loire Valley,50.5,-1.52,47.07,2.0
1656,Ile De France,27.0,0.0,,
1658,Ile De France,37.0,-0.14,,
1659,Ile De France,15.0,-0.21,,
1661,Ile De France,26.0,0.45,,
1665,Ile De France,22.0,-0.73,,
1667,Ile De France,33.0,-0.65,,
1669,Ile De France,19.0,-0.3,,
1673,Ile De France,34.0,-1.13,,
1674,Ile De France,31.0,-1.39,,
1675,Ile De France,53.0,-1.63,,
1676,Ile De France,7.0,-0.67,,
1677,Ile De France,30.0,-0.73,,
1679,Ile De France,34.0,-0.75,,
1680,Ile De France,14.0,-0.62,,
1681,Ile De France,20.0,-0.76,,
1683,Ile De France,20.0,-1.02,,
1684,Ile De France,16.0,-1.56,,
1685,Ile De France,22.0,-0.35,,
1688,Ile De France,26.0,-1.65,,
1689,Ile De France,30.0,-0.95,,
1690,Ile De France,25.0,-0.57,,
1691,Ile De France,20.0,-1.34,,
1692,Ile De France,47.0,-1.78,,
1693,Ile De France,29.0,-1.04,,
1694,Ile De France,47.0,-1.84,,
1695,Ile De France,46.0,-2.22,,
1696,Ile De France,39.0,-0.99,,
1698,Ile De France,49.0,-1.84,,
1699,Ile De France,27.0,-0.68,,
1700,Ile De France,42.0,-0.91,,
1701,Ile De France,32.0,-0.76,,
1702,Ile De France,34.0,-1.4,,
1703,Ile De France,42.0,-1.21,,
1704,Ile De France,22.0,-0.44,,
1705,Ile De France,35.0,-0.76,,
1706,Ile De France,22.0,-1.04,,
1707,Ile De France,30.0,-1.3,,
1708,Ile De France,34.0,-1.51,,
1710,Ile De France,31.0,-0.02,,
1711,Ile De France,31.0,-0.09,,
1713,Ile De France,42.0,-0.87,,
1714,Ile De France,27.0,-0.07,,
1715,Ile De France,35.0,-0.07,,
1717,Ile De France,33.0,-0.47,,
1718,Ile De France,15.0,-0.22,,
1719,Ile De France,12.0,-0.02,,
1720,Ile De France,29.0,-0.41,,
1721,Ile De France,31.0,-0.6,,
1722,Ile De France,29.5,0.79,,
1723,Ile De France,11.5,1.46,,
1724,Ile De France,15.5,-0.2,,
1725,Ile De France,51.5,-0.15,,
1726,Ile De France,6.0,-0.06,,
1727,Ile De France,11.0,0.79,,
1728,Ile De France,17.0,-0.31,,
1729,Ile De France,31.0,-0.45,,
1730,Ile De France,35.5,0.33,,
1731,Ile De France,17.0,-0.26,,
1732,Ile De France,27.0,-0.33,,
1733,Ile De France,19.0,0.61,,
1734,Ile De France,16.5,0.28,,
1735,Ile De France,40.5,0.46,,
1736,Ile De France,26.5,0.35,,
1737,Ile De France,20.0,0.32,,
1738,Ile De France,31.5,0.49,,
1739,Ile De France,30.0,-0.79,,
1740,Ile De France,43.7,-2.47,,
1741,Ile De France,22.3,-0.19,,
1742,Ile De France,30.3,-1.27,,
1743,Ile De France,31.8,0.52,,
1744,Ile De France,32.5,-0.59,,
1745,Ile De France,40.3,-0.78,,
1746,Ile De France,28.0,-0.67,,
1747,Ile De France,29.7,-0.18,,
1748,Ile De France,27.5,-0.36,,
1749,Ile De France,24.7,-0.13,,
1750,Ile De France,25.5,0.31,,
1751,Ile De France,38.0,-0.91,,
1752,Ile De France,32.5,0.14,,
1753,Ile De France,21.5,-0.89,,
1754,Ile De France,34.5,-0.87,,
1755,Ile De France,15.7,-0.83,,
1756,Ile De France,38.5,-0.29,,
1757,Ile De France,30.5,0.05,,
1758,Ile De France,22.5,-0.74,,
1759,Ile De France,24.0,0.32,,
1760,Ile De France,23.7,-0.21,,
1761,Ile De France,23.0,0.65,,
1762,Ile De France,13.0,0.12,,
1763,Ile De France,37.5,-0.15,,
1764,Ile De France,28.5,0.4,,
1765,Ile De France,23.0,-0.03,,
1766,Ile De France,33.5,0.24,,
1767,Ile De France,49.0,-0.43,,
1768,Ile De France,35.0,-0.53,,
1769,Ile De France,22.0,-0.32,,
1770,Ile De France,42.5,-0.18,,
1771,Ile De France,34.7,-1.02,,
1772,Ile De France,28.7,-0.26,,
1773,Ile De France,41.0,0.83,,
1774,Ile De France,34.7,-0.59,,
1775,Ile De France,23.7,0.9,,
1776,Ile De France,37.5,-0.25,,
1777,Ile De France,40.5,-0.62,,
1778,Ile De France,25.5,-0.1,,
1779,Ile De France,24.5,1.08,,
1780,Ile De France,25.0,-0.59,,
1781,Ile De France,10.0,0.38,,
1782,Ile De France,37.0,-1.24,,
1783,Ile De France,15.2,0.01,,
1784,Ile De France,13.0,-1.76,,
1785,Ile De France,20.7,-1.68,,
1786,Ile De France,28.7,-1.7,,
1787,Ile De France,40.0,-0.31,,
1788,Ile De France,15.0,-1.08,,
1789,Ile De France,36.7,-0.39,,
1790,Ile De France,29.0,-0.24,,
1791,Ile De France,26.7,0.31,,
1792,Ile De France,36.7,-0.43,,
1793,Ile De France,30.0,0.13,,
1794,Ile De France,11.0,0.74,,
1795,Ile De France,32.5,-0.71,,
1796,Ile De France,33.7,0.02,,
1797,Ile De France,28.7,0.52,,
1798,Ile De France,14.5,0.16,,
1799,Ile De France,44.5,-1.85,,
1800,Ile De France,26.5,-0.47,,
1801,Ile De France,28.5,0.19,,
1802,Ile De France,22.7,-0.3,,
1803,Ile De France,29.0,-0.92,,
1804,Ile De France,27.0,-0.35,,
1805,Ile De France,44.5,-1.38,,
1806,Ile De France,18.7,-0.28,,
1807,Ile De France,21.5,-0.66,,
1808,Ile De France,23.5,-1.15,,
1809,Ile De France,32.0,-1.32,,
1810,Ile De France,31.5,-1.26,,
1811,Ile De France,16.0,0.1,,
1812,Ile De France,35.5,-1.77,,
1813,Ile De France,34.3,-0.54,,
1814,Ile De France,35.3,-1.66,,
1815,Ile De France,26.3,-0.7,,
1816,Ile De France,52.2,-1.54,,
1817,Ile De France,39.8,-0.48,,
1818,Ile De France,19.7,0.17,,
1819,Ile De France,26.8,-0.01,,
1820,Ile De France,33.6,-0.97,,
1821,Ile De France,44.1,-0.27,,
1822,Ile De France,0.5,0.78,,
1823,Ile De France,36.0,-0.66,,
1824,Ile De France,41.0,0.07,,
1825,Ile De France,15.0,-0.07,,
1826,Ile De France,24.1,0.51,,
1827,Ile De France,24.6,-0.09,,
1828,Ile De France,28.6,-0.12,,
1829,Ile De France,36.1,-1.85,,
1830,Ile De France,28.8,-0.6,,
1831,Ile De France,22.8,-0.12,,
1832,Ile De France,34.7,-0.76,,
1833,Ile De France,22.8,-0.28,,
1834,Ile De France,15.3,0.51,,
1835,Ile De France,28.8,-0.55,,
1836,Ile De France,30.6,-0.57,,
1837,Ile De France,35.7,-0.94,,
1838,Ile De France,41.0,-1.75,,
1839,Ile De France,27.6,-0.69,,
1840,Ile De France,17.8,-1.02,,
1841,Ile De France,27.6,-0.32,,
1842,Ile De France,18.3,-0.27,,
1843,Ile De France,40.0,-0.19,,
1844,Ile De France,23.3,-1.2,,
1845,Ile De France,39.5,-1.25,,
1846,Ile De France,13.1,0.26,,
1847,Ile De France,31.0,-0.61,,
1848,Ile De France,26.8,-0.38,,
1849,Ile De France,30.7,-0.71,,
1850,Ile De France,33.1,-0.72,,
1851,Ile De France,39.3,-0.34,,
1852,Ile De France,27.2,-0.08,,
1853,Ile De France,35.0,-1.0,,
1854,Ile De France,37.6,-0.24,,
1855,Ile De France,35.5,-1.43,,
1856,Ile De France,32.0,-0.9,,
1857,Ile De France,19.7,0.23,,
1858,Ile De France,19.2,-0.2,,
1859,Ile De France,19.0,0.48,,
1860,Ile De France,42.7,-0.99,,
1861,Ile De France,23.7,-0.24,,
1862,Ile De France,24.7,-0.51,,
1863,Ile De France,24.7,0.6,,
1864,Ile De France,26.0,-1.22,,
1865,Ile De France,9.3,-0.15,,
1866,Ile De France,29.5,-0.08,,
1867,Ile De France,32.5,-0.96,,
1868,Ile De France,9.1,0.55,,
1869,Ile De France,27.0,-0.17,,
1870,Ile De France,15.7,-0.93,,
1871,Ile De France,30.8,-1.47,,
1872,Ile De France,27.7,0.52,,
1873,Ile De France,30.7,0.06,,
1874,Ile De France,21.0,-0.22,,
1875,Ile De France,27.0,-1.02,,
1876,Ile De France,30.9,-0.55,,
1877,Ile De France,32.2,-0.56,,
1878,Ile De France,30.7,-0.24,,
1879,Ile De France,53.0,-1.52,,
1880,Ile De France,27.0,-0.26,,
1881,Ile De France,26.0,-1.06,,
1882,Ile De France,39.0,-0.07,,
1883,Ile De France,38.0,-0.61,,
1884,Ile De France,29.0,-0.22,,
1885,Ile De France,28.0,-0.73,,
1886,Ile De France,30.0,-0.44,,
1887,Ile De France,33.0,-0.93,,
1888,Ile De France,41.0,-1.59,,
1889,Ile De France,23.0,-0.87,,
1890,Ile De France,36.0,-0.69,,
1891,Ile De France,45.0,-0.78,,
1892,Ile De France,24.0,-0.9,,
1893,Ile De France,7.0,-0.5,,
1894,Ile De France,31.0,-0.07,,
1895,Ile De France,23.0,-0.74,,
1896,Ile De France,21.0,-0.49,,
1897,Ile De France,27.0,-0.08,,
1898,Ile De France,40.0,0.2,,
1899,Ile De France,21.0,-0.14,,
1900,Ile De France,23.0,-0.08,,
1901,Ile De France,17.1,-0.53,,
1902,Ile De France,40.1,-1.11,,
1903,Ile De France,31.0,-0.1,,
1904,Ile De France,16.1,-0.16,,
1905,Ile De France,31.6,-0.35,,
1906,Ile De France,24.0,-0.01,,
1907,Ile De France,32.0,-0.58,,
1908,Ile De France,22.0,-0.7,,
1909,Ile De France,29.0,-1.07,,
1910,Ile De France,52.0,-0.14,,
1911,Ile De France,14.0,0.38,,
1912,Ile De France,24.0,-0.54,,
1913,Ile De France,34.0,0.06,,
1914,Ile De France,24.0,0.08,,
1915,Ile De France,18.0,-0.78,,
1916,Ile De France,34.0,-0.2,,
1917,Ile De France,17.0,-0.95,,
1918,Ile De France,20.0,-0.14,,
1919,Ile De France,22.0,-0.99,,
1920,Ile De France,27.0,0.39,,
1921,Ile De France,12.0,0.6,,
1922,Ile De France,27.0,-0.93,,
1923,Ile De France,32.0,-0.49,,
1924,Ile De France,26.0,-0.52,,
1925,Ile De France,31.0,-0.31,,
1926,Ile De France,30.0,0.07,,
1927,Ile De France,29.0,-0.28,,
1928,Ile De France,27.0,-0.04,,
1929,Ile De France,26.0,-0.67,,
1930,Ile De France,36.0,0.4,,
1931,Ile De France,33.0,-0.67,,
1932,Ile De France,42.0,0.02,,
1933,Ile De France,21.0,-0.41,,
1934,Ile De France,10.0,0.92,,
1935,Ile De France,23.0,0.02,,
1936,Ile De France,35.0,0.1,,
1937,Ile De France,19.0,0.28,,
1938,Ile De France,26.0,0.45,,
1939,Ile De France,34.0,-0.01,,
1940,Ile De France,23.0,-1.24,,
1941,Ile De France,34.0,-1.03,,
1942,Ile De France,30.0,-0.8,,
1943,Ile De France,15.0,0.65,,
1944,Ile De France,27.0,0.01,,
1945,Ile De France,4.0,0.56,,
1946,Ile De France,32.0,-0.03,,
1947,Ile De France,8.0,0.32,,
1948,Ile De France,29.0,0.58,,
1949,Ile De France,20.0,0.88,,
1950,Ile De France,20.0,0.31,,
1951,Ile De France,37.0,0.09,,
1952,Ile De France,9.0,-0.18,,
1953,Ile De France,23.0,0.31,,
1954,Ile De France,41.0,-0.48,,
1955,Ile De France,28.0,-0.22,,
1956,Ile De France,45.0,-1.19,,
1958,Ile De France,43.0,-0.14,,
1959,Ile De France,16.0,0.54,,
1960,Ile De France,27.0,-0.02,,
1961,Ile De France,26.0,0.67,,
1962,Ile De France,52.0,-0.67,,
1963,Ile De France,44.0,-0.81,,
1964,Ile De France,22.0,-0.08,,
1965,Ile De France,48.0,-0.69,,
1966,Ile De France,34.0,-0.04,,
1967,Ile De France,34.0,0.22,,
1968,Ile De France,29.0,-0.2,,
1969,Ile De France,23.0,-0.38,,
1970,Ile De France,29.0,-0.32,,
1971,Ile De France,17.0,-0.08,,
1972,Ile De France,35.0,-0.25,,
1973,Ile De France,19.0,-0.01,,
1975,Ile De France,28.0,0.39,,
1976,Ile De France,10.0,-0.08,,
1977,Ile De France,41.0,0.07,,
1655,Jura,40.0,-0.13,46.93,5.88
1656,Jura,44.8,0.0,46.93,5.88
1658,Jura,44.0,-0.14,46.93,5.88
1659,Jura,28.5,-0.21,46.93,5.88
1660,Jura,28.6,-0.05,46.93,5.88
1661,Jura,28.0,0.45,46.93,5.88
1662,Jura,43.0,0.13,46.93,5.88
1663,Jura,42.0,-0.44,46.93,5.88
1664,Jura,40.0,-0.52,46.93,5.88
1665,Jura,39.0,-0.73,46.93,5.88
1666,Jura,30.8,0.03,46.93,5.88
1667,Jura,48.6,-0.65,46.93,5.88
1668,Jura,42.8,0.07,46.93,5.88
1669,Jura,27.0,-0.3,46.93,5.88
1670,Jura,38.3,-0.41,46.93,5.88
1671,Jura,32.6,-0.21,46.93,5.88
1672,Jura,48.6,-0.69,46.93,5.88
1673,Jura,65.8,-1.13,46.93,5.88
1674,Jura,41.0,-1.39,46.93,5.88
1675,Jura,70.0,-1.63,46.93,5.88
1676,Jura,25.3,-0.67,46.93,5.88
1677,Jura,44.6,-0.73,46.93,5.88
1678,Jura,37.6,-1.06,46.93,5.88
1679,Jura,41.6,-0.75,46.93,5.88
1680,Jura,30.6,-0.62,46.93,5.88
1681,Jura,29.0,-0.76,46.93,5.88
1682,Jura,51.0,-0.46,46.93,5.88
1683,Jura,36.0,-1.02,46.93,5.88
1684,Jura,23.0,-1.56,46.93,5.88
1685,Jura,35.0,-0.35,46.93,5.88
1686,Jura,21.0,0.64,46.93,5.88
1687,Jura,45.0,-0.52,46.93,5.88
1688,Jura,43.5,-1.65,46.93,5.88
1689,Jura,44.0,-0.95,46.93,5.88
1690,Jura,49.0,-0.57,46.93,5.88
1691,Jura,39.0,-1.34,46.93,5.88
1692,Jura,59.0,-1.78,46.93,5.88
1693,Jura,42.0,-1.04,46.93,5.88
1694,Jura,34.0,-1.84,46.93,5.88
1695,Jura,53.5,-2.22,46.93,5.88
1696,Jura,44.5,-0.99,46.93,5.88
1697,Jura,40.0,-1.46,46.93,5.88
1698,Jura,62.5,-1.84,46.93,5.88
1699,Jura,47.5,-0.68,46.93,5.88
1700,Jura,54.6,-0.91,46.93,5.88
1701,Jura,43.0,-0.76,46.93,5.88
1702,Jura,55.5,-1.4,46.93,5.88
1703,Jura,46.0,-1.21,46.93,5.88
1704,Jura,32.0,-0.44,46.93,5.88
1705,Jura,47.0,-0.76,46.93,5.88
1706,Jura,24.0,-1.04,46.93,5.88
1707,Jura,42.0,-1.3,46.93,5.88
1708,Jura,41.6,-1.51,46.93,5.88
1709,Jura,38.6,-2.13,46.93,5.88
1710,Jura,37.3,-0.02,46.93,5.88
1711,Jura,44.6,-0.09,46.93,5.88
1712,Jura,42.0,-0.37,46.93,5.88
1713,Jura,50.0,-0.87,46.93,5.88
1714,Jura,48.0,-0.07,46.93,5.88
1715,Jura,41.0,-0.07,46.93,5.88
1716,Jura,48.6,-1.13,46.93,5.88
1717,Jura,40.5,-0.47,46.93,5.88
1718,Jura,18.0,-0.22,46.93,5.88
1719,Jura,13.0,-0.02,46.93,5.88
1720,Jura,42.0,-0.41,46.93,5.88
1721,Jura,45.0,-0.6,46.93,5.88
1722,Jura,36.6,0.79,46.93,5.88
1723,Jura,36.0,1.46,46.93,5.88
1724,Jura,34.6,-0.2,46.93,5.88
1725,Jura,55.0,-0.15,46.93,5.88
1726,Jura,22.5,-0.06,46.93,5.88
1727,Jura,25.0,0.79,46.93,5.88
1728,Jura,27.0,-0.31,46.93,5.88
1729,Jura,42.0,-0.45,46.93,5.88
1730,Jura,48.5,0.33,46.93,5.88
1731,Jura,35.5,-0.26,46.93,5.88
1732,Jura,40.0,-0.33,46.93,5.88
1733,Jura,42.0,0.61,46.93,5.88
1734,Jura,31.0,0.28,46.93,5.88
1735,Jura,49.0,0.46,46.93,5.88
1736,Jura,33.0,0.35,46.93,5.88
1737,Jura,33.0,0.32,46.93,5.88
1738,Jura,41.0,0.49,46.93,5.88
1739,Jura,44.0,-0.79,46.93,5.88
1740,Jura,53.0,-2.47,46.93,5.88
1741,Jura,37.8,-0.19,46.93,5.88
1742,Jura,49.5,-1.27,46.93,5.88
1743,Jura,42.6,0.52,46.93,5.88
1744,Jura,47.0,-0.59,46.93,5.88
1745,Jura,40.6,-0.78,46.93,5.88
1746,Jura,35.0,-0.67,46.93,5.88
1747,Jura,43.3,-0.18,46.93,5.88
1748,Jura,42.8,-0.36,46.93,5.88
1749,Jura,38.8,-0.13,46.93,5.88
1750,Jura,39.0,0.31,46.93,5.88
1751,Jura,56.3,-0.91,46.93,5.88
1752,Jura,52.6,0.14,46.93,5.88
1753,Jura,37.0,-0.89,46.93,5.88
1754,Jura,45.6,-0.87,46.93,5.88
1755,Jura,35.0,-0.83,46.93,5.88
1756,Jura,50.0,-0.29,46.93,5.88
1757,Jura,37.0,0.05,46.93,5.88
1758,Jura,32.0,-0.74,46.93,5.88
1759,Jura,38.0,0.32,46.93,5.88
1760,Jura,29.0,-0.21,46.93,5.88
1761,Jura,35.0,0.65,46.93,5.88
1762,Jura,30.3,0.12,46.93,5.88
1763,Jura,47.0,-0.15,46.93,5.88
1764,Jura,31.0,0.4,46.93,5.88
1765,Jura,47.8,-0.03,46.93,5.88
1766,Jura,37.0,0.24,46.93,5.88
1767,Jura,53.2,-0.43,46.93,5.88
1768,Jura,46.8,-0.53,46.93,5.88
1769,Jura,47.0,-0.32,46.93,5.88
1770,Jura,58.7,-0.18,46.93,5.88
1771,Jura,41.8,-1.02,46.93,5.88
1772,Jura,40.9,-0.26,46.93,5.88
1773,Jura,48.8,0.83,46.93,5.88
1774,Jura,37.3,-0.59,46.93,5.88
1775,Jura,40.4,0.9,46.93,5.88
1776,Jura,46.0,-0.25,46.93,5.88
1777,Jura,45.0,-0.62,46.93,5.88
1778,Jura,35.0,-0.1,46.93,5.88
1779,Jura,26.5,1.08,46.93,5.88
1780,Jura,32.0,-0.59,46.93,5.88
1781,Jura,24.0,0.38,46.93,5.88
1782,Jura,37.0,-1.24,46.93,5.88
1783,Jura,31.0,0.01,46.93,5.88
1784,Jura,32.0,-1.76,46.93,5.88
1785,Jura,47.0,-1.68,46.93,5.88
1786,Jura,46.0,-1.7,46.93,5.88
1787,Jura,49.6,-0.31,46.93,5.88
1788,Jura,29.6,-1.08,46.93,5.88
1789,Jura,41.8,-0.39,46.93,5.88
1790,Jura,38.0,-0.24,46.93,5.88
1791,Jura,25.5,0.31,46.93,5.88
1792,Jura,41.3,-0.43,46.93,5.88
1793,Jura,39.3,0.13,46.93,5.88
1794,Jura,22.8,0.74,46.93,5.88
1795,Jura,32.5,-0.71,46.93,5.88
1796,Jura,47.0,0.02,46.93,5.88
1797,Jura,36.0,0.52,46.93,5.88
1798,Jura,27.6,0.16,46.93,5.88
1799,Jura,57.6,-1.85,46.93,5.88
1800,Jura,30.6,-0.47,46.93,5.88
1801,Jura,37.3,0.19,46.93,5.88
1802,Jura,27.3,-0.3,46.93,5.88
1803,Jura,26.0,-0.92,46.93,5.88
1804,Jura,45.3,-0.35,46.93,5.88
1805,Jura,56.8,-1.38,46.93,5.88
1806,Jura,36.8,-0.28,46.93,5.88
1807,Jura,20.8,-0.66,46.93,5.88
1808,Jura,39.6,-1.15,46.93,5.88
1809,Jura,57.6,-1.32,46.93,5.88
1810,Jura,38.0,-1.26,46.93,5.88
1811,Jura,17.6,0.1,46.93,5.88
1812,Jura,46.6,-1.77,46.93,5.88
1813,Jura,54.6,-0.54,46.93,5.88
1814,Jura,46.6,-1.66,46.93,5.88
1815,Jura,32.8,-0.7,46.93,5.88
1816,Jura,66.8,-1.54,46.93,5.88
1817,Jura,49.3,-0.48,46.93,5.88
1818,Jura,30.0,0.17,46.93,5.88
1819,Jura,34.0,-0.01,46.93,5.88
1820,Jura,48.6,-0.97,46.93,5.88
1821,Jura,56.3,-0.27,46.93,5.88
1822,Jura,9.6,0.78,46.93,5.88
1823,Jura,54.5,-0.66,46.93,5.88
1824,Jura,52.6,0.07,46.93,5.88
1825,Jura,29.7,-0.07,46.93,5.88
1826,Jura,41.0,0.51,46.93,5.88
1827,Jura,34.0,-0.09,46.93,5.88
1828,Jura,37.6,-0.12,46.93,5.88
1829,Jura,48.6,-1.85,46.93,5.88
1830,Jura,40.6,-0.6,46.93,5.88
1831,Jura,39.6,-0.12,46.93,5.88
1832,Jura,45.3,-0.76,46.93,5.88
1833,Jura,37.2,-0.28,46.93,5.88
1834,Jura,26.8,0.51,46.93,5.88
1835,Jura,41.6,-0.55,46.93,5.88
1836,Jura,46.6,-0.57,46.93,5.88
1837,Jura,48.1,-0.94,46.93,5.88
1838,Jura,46.8,-1.75,46.93,5.88
1839,Jura,43.1,-0.69,46.93,5.88
1840,Jura,34.6,-1.02,46.93,5.88
1841,Jura,37.7,-0.32,46.93,5.88
1842,Jura,27.6,-0.27,46.93,5.88
1843,Jura,52.6,-0.19,46.93,5.88
1844,Jura,37.1,-1.2,46.93,5.88
1845,Jura,50.6,-1.25,46.93,5.88
1846,Jura,26.6,0.26,46.93,5.88
1847,Jura,43.6,-0.61,46.93,5.88
1848,Jura,43.5,-0.38,46.93,5.88
1849,Jura,44.5,-0.71,46.93,5.88
1850,Jura,50.9,-0.72,46.93,5.88
1851,Jura,52.8,-0.34,46.93,5.88
1852,Jura,42.7,-0.08,46.93,5.88
1853,Jura,54.6,-1.0,46.93,5.88
1854,Jura,45.8,-0.24,46.93,5.88
1855,Jura,48.9,-1.43,46.93,5.88
1856,Jura,49.8,-0.9,46.93,5.88
1857,Jura,36.6,0.23,46.93,5.88
1858,Jura,36.7,-0.2,46.93,5.88
1859,Jura,33.9,0.48,46.93,5.88
1860,Jura,57.2,-0.99,46.93,5.88
1861,Jura,38.9,-0.24,46.93,5.88
1862,Jura,36.3,-0.51,46.93,5.88
1863,Jura,44.4,0.6,46.93,5.88
1864,Jura,45.1,-1.22,46.93,5.88
1865,Jura,25.9,-0.15,46.93,5.88
1866,Jura,47.3,-0.08,46.93,5.88
1867,Jura,49.3,-0.96,46.93,5.88
1868,Jura,31.2,0.55,46.93,5.88
1869,Jura,39.8,-0.17,46.93,5.88
1870,Jura,33.8,-0.93,46.93,5.88
1871,Jura,49.5,-1.47,46.93,5.88
1872,Jura,45.2,0.52,46.93,5.88
1873,Jura,46.0,0.06,46.93,5.88
1874,Jura,41.4,-0.22,46.93,5.88
1875,Jura,43.1,-1.02,46.93,5.88
1876,Jura,49.1,-0.55,46.93,5.88
1877,Jura,47.1,-0.56,46.93,5.88
1878,Jura,51.1,-0.24,46.93,5.88
1879,Jura,53.5,-1.52,46.93,5.88
1880,Jura,40.0,-0.26,46.93,5.88
1888,Jura,49.9,-1.59,46.93,5.88
1889,Jura,44.6,-0.87,46.93,5.88
1890,Jura,54.9,-0.69,46.93,5.88
1891,Jura,58.0,-0.78,46.93,5.88
1892,Jura,33.9,-0.9,46.93,5.88
1893,Jura,23.6,-0.5,46.93,5.88
1894,Jura,44.9,-0.07,46.93,5.88
1895,Jura,32.6,-0.74,46.93,5.88
1896,Jura,35.1,-0.49,46.93,5.88
1897,Jura,29.6,-0.08,46.93,5.88
1898,Jura,32.6,0.2,46.93,5.88
1899,Jura,39.0,-0.14,46.93,5.88
1901,Jura,36.4,-0.53,46.93,5.88
1903,Jura,50.6,-0.1,46.93,5.88
1905,Jura,30.6,-0.35,46.93,5.88
1906,Jura,31.6,-0.01,46.93,5.88
1909,Jura,59.0,-1.07,46.93,5.88
1911,Jura,34.9,0.38,46.93,5.88
1912,Jura,44.0,-0.54,46.93,5.88
1914,Jura,45.0,0.08,46.93,5.88
1915,Jura,40.0,-0.78,46.93,5.88
1916,Jura,47.0,-0.2,46.93,5.88
1917,Jura,26.0,-0.95,46.93,5.88
1918,Jura,42.0,-0.14,46.93,5.88
1919,Jura,46.0,-0.99,46.93,5.88
1920,Jura,40.0,0.39,46.93,5.88
1921,Jura,27.0,0.6,46.93,5.88
1922,Jura,41.0,-0.93,46.93,5.88
1923,Jura,41.0,-0.49,46.93,5.88
1924,Jura,36.0,-0.52,46.93,5.88
1925,Jura,43.0,-0.31,46.93,5.88
1926,Jura,44.0,0.07,46.93,5.88
1927,Jura,39.0,-0.28,46.93,5.88
1928,Jura,33.0,-0.04,46.93,5.88
1929,Jura,37.0,-0.67,46.93,5.88
1930,Jura,40.0,0.4,46.93,5.88
1931,Jura,38.0,-0.67,46.93,5.88
1932,Jura,50.0,0.02,46.93,5.88
1934,Jura,31.0,0.92,46.93,5.88
1935,Jura,37.0,0.02,46.93,5.88
1936,Jura,37.0,0.1,46.93,5.88
1937,Jura,25.0,0.28,46.93,5.88
1938,Jura,42.0,0.45,46.93,5.88
1939,Jura,55.0,-0.01,46.93,5.88
1940,Jura,33.0,-1.24,46.93,5.88
1941,Jura,44.0,-1.03,46.93,5.88
1942,Jura,25.0,-0.8,46.93,5.88
1943,Jura,28.0,0.65,46.93,5.88
1944,Jura,39.0,0.01,46.93,5.88
1945,Jura,11.0,0.56,46.93,5.88
1946,Jura,32.0,-0.03,46.93,5.88
1947,Jura,22.0,0.32,46.93,5.88
1948,Jura,41.0,0.58,46.93,5.88
1949,Jura,27.0,0.88,46.93,5.88
1950,Jura,25.0,0.31,46.93,5.88
1951,Jura,52.0,0.09,46.93,5.88
1952,Jura,22.0,-0.18,46.93,5.88
1953,Jura,30.0,0.31,46.93,5.88
1954,Jura,43.0,-0.48,46.93,5.88
1955,Jura,42.0,-0.22,46.93,5.88
1956,Jura,52.0,-1.19,46.93,5.88
1957,Jura,42.0,0.17,46.93,5.88
1958,Jura,41.0,-0.14,46.93,5.88
1959,Jura,21.0,0.54,46.93,5.88
1960,Jura,34.0,-0.02,46.93,5.88
1961,Jura,35.0,0.67,46.93,5.88
1962,Jura,45.0,-0.67,46.93,5.88
1963,Jura,48.0,-0.81,46.93,5.88
1964,Jura,26.0,-0.08,46.93,5.88
1965,Jura,51.0,-0.69,46.93,5.88
1966,Jura,40.0,-0.04,46.93,5.88
1967,Jura,28.0,0.22,46.93,5.88
1968,Jura,34.0,-0.2,46.93,5.88
1969,Jura,31.0,-0.38,46.93,5.88
1970,Jura,27.0,-0.32,46.93,5.88
1971,Jura,18.0,-0.08,46.93,5.88
1972,Jura,42.0,-0.25,46.93,5.88
1973,Jura,28.0,-0.01,46.93,5.88
1974,Jura,28.0,0.14,46.93,5.88
1975,Jura,29.0,0.39,46.93,5.88
1976,Jura,1.0,-0.08,46.93,5.88
1655,Languedoc,16.3,-0.13,43.6,3.87
1657,Languedoc,25.4,0.18,43.6,3.87
1658,Languedoc,30.0,-0.14,43.6,3.87
1659,Languedoc,15.0,-0.21,43.6,3.87
1660,Languedoc,14.5,-0.05,43.6,3.87
1661,Languedoc,21.9,0.45,43.6,3.87
1662,Languedoc,21.0,0.13,43.6,3.87
1663,Languedoc,31.9,-0.44,43.6,3.87
1664,Languedoc,22.7,-0.52,43.6,3.87
1665,Languedoc,23.4,-0.73,43.6,3.87
1666,Languedoc,24.8,0.03,43.6,3.87
1667,Languedoc,34.1,-0.65,43.6,3.87
1668,Languedoc,20.9,0.07,43.6,3.87
1669,Languedoc,20.4,-0.3,43.6,3.87
1670,Languedoc,17.1,-0.41,43.6,3.87
1671,Languedoc,24.5,-0.21,43.6,3.87
1672,Languedoc,25.4,-0.69,43.6,3.87
1673,Languedoc,36.8,-1.13,43.6,3.87
1674,Languedoc,24.8,-1.39,43.6,3.87
1675,Languedoc,41.7,-1.63,43.6,3.87
1676,Languedoc,26.9,-0.67,43.6,3.87
1677,Languedoc,24.8,-0.73,43.6,3.87
1678,Languedoc,30.0,-1.06,43.6,3.87
1679,Languedoc,27.5,-0.75,43.6,3.87
1680,Languedoc,22.8,-0.62,43.6,3.87
1681,Languedoc,22.1,-0.76,43.6,3.87
1682,Languedoc,30.3,-0.46,43.6,3.87
1683,Languedoc,23.5,-1.02,43.6,3.87
1684,Languedoc,23.5,-1.56,43.6,3.87
1685,Languedoc,21.8,-0.35,43.6,3.87
1686,Languedoc,24.6,0.64,43.6,3.87
1687,Languedoc,35.8,-0.52,43.6,3.87
1688,Languedoc,36.1,-1.65,43.6,3.87
1689,Languedoc,30.4,-0.95,43.6,3.87
1690,Languedoc,29.0,-0.57,43.6,3.87
1691,Languedoc,23.8,-1.34,43.6,3.87
1692,Languedoc,33.8,-1.78,43.6,3.87
1694,Languedoc,24.7,-1.84,43.6,3.87
1695,Languedoc,36.8,-2.22,43.6,3.87
1696,Languedoc,28.8,-0.99,43.6,3.87
1697,Languedoc,26.8,-1.46,43.6,3.87
1698,Languedoc,42.7,-1.84,43.6,3.87
1699,Languedoc,33.8,-0.68,43.6,3.87
1700,Languedoc,32.0,-0.91,43.6,3.87
1701,Languedoc,44.8,-0.76,43.6,3.87
1702,Languedoc,38.0,-1.4,43.6,3.87
1703,Languedoc,28.8,-1.21,43.6,3.87
1704,Languedoc,22.3,-0.44,43.6,3.87
1705,Languedoc,33.8,-0.76,43.6,3.87
1706,Languedoc,18.3,-1.04,43.6,3.87
1707,Languedoc,39.2,-1.3,43.6,3.87
1708,Languedoc,29.9,-1.51,43.6,3.87
1709,Languedoc,36.6,-2.13,43.6,3.87
1710,Languedoc,26.9,-0.02,43.6,3.87
1711,Languedoc,33.7,-0.09,43.6,3.87
1712,Languedoc,32.5,-0.37,43.6,3.87
1713,Languedoc,38.8,-0.87,43.6,3.87
1714,Languedoc,38.7,-0.07,43.6,3.87
1715,Languedoc,28.9,-0.07,43.6,3.87
1716,Languedoc,38.8,-1.13,43.6,3.87
1717,Languedoc,34.8,-0.47,43.6,3.87
1718,Languedoc,19.0,-0.22,43.6,3.87
1719,Languedoc,21.0,-0.02,43.6,3.87
1720,Languedoc,43.9,-0.41,43.6,3.87
1721,Languedoc,45.4,-0.6,43.6,3.87
1722,Languedoc,32.4,0.79,43.6,3.87
1723,Languedoc,30.8,1.46,43.6,3.87
1724,Languedoc,17.0,-0.2,43.6,3.87
1725,Languedoc,41.8,-0.15,43.6,3.87
1726,Languedoc,24.1,-0.06,43.6,3.87
1727,Languedoc,23.5,0.79,43.6,3.87
1728,Languedoc,22.1,-0.31,43.6,3.87
1729,Languedoc,36.8,-0.45,43.6,3.87
1730,Languedoc,35.4,0.33,43.6,3.87
1731,Languedoc,41.1,-0.26,43.6,3.87
1732,Languedoc,42.9,-0.33,43.6,3.87
1733,Languedoc,34.1,0.61,43.6,3.87
1734,Languedoc,13.8,0.28,43.6,3.87
1735,Languedoc,39.0,0.46,43.6,3.87
1736,Languedoc,33.0,0.35,43.6,3.87
1737,Languedoc,27.1,0.32,43.6,3.87
1738,Languedoc,39.8,0.49,43.6,3.87
1739,Languedoc,25.9,-0.79,43.6,3.87
1740,Languedoc,43.2,-2.47,43.6,3.87
1741,Languedoc,25.2,-0.19,43.6,3.87
1742,Languedoc,33.2,-1.27,43.6,3.87
1743,Languedoc,47.2,0.52,43.6,3.87
1744,Languedoc,39.4,-0.59,43.6,3.87
1745,Languedoc,34.4,-0.78,43.6,3.87
1746,Languedoc,39.6,-0.67,43.6,3.87
1747,Languedoc,41.1,-0.18,43.6,3.87
1748,Languedoc,40.2,-0.36,43.6,3.87
1749,Languedoc,39.2,-0.13,43.6,3.87
1750,Languedoc,37.0,0.31,43.6,3.87
1751,Languedoc,36.1,-0.91,43.6,3.87
1752,Languedoc,34.6,0.14,43.6,3.87
1753,Languedoc,32.2,-0.89,43.6,3.87
1754,Languedoc,31.1,-0.87,43.6,3.87
1755,Languedoc,33.6,-0.83,43.6,3.87
1756,Languedoc,39.1,-0.29,43.6,3.87
1757,Languedoc,34.2,0.05,43.6,3.87
1758,Languedoc,42.5,-0.74,43.6,3.87
1759,Languedoc,34.2,0.32,43.6,3.87
1760,Languedoc,34.3,-0.21,43.6,3.87
1761,Languedoc,38.1,0.65,43.6,3.87
1762,Languedoc,36.4,0.12,43.6,3.87
1763,Languedoc,34.4,-0.15,43.6,3.87
1764,Languedoc,34.2,0.4,43.6,3.87
1765,Languedoc,39.0,-0.03,43.6,3.87
1766,Languedoc,37.3,0.24,43.6,3.87
1767,Languedoc,34.4,-0.43,43.6,3.87
1768,Languedoc,37.6,-0.53,43.6,3.87
1769,Languedoc,42.2,-0.32,43.6,3.87
1770,Languedoc,43.1,-0.18,43.6,3.87
1771,Languedoc,38.1,-1.02,43.6,3.87
1772,Languedoc,29.4,-0.26,43.6,3.87
1773,Languedoc,43.1,0.83,43.6,3.87
1774,Languedoc,36.8,-0.59,43.6,3.87
1775,Languedoc,35.8,0.9,43.6,3.87
1776,Languedoc,37.5,-0.25,43.6,3.87
1777,Languedoc,36.2,-0.62,43.6,3.87
1778,Languedoc,31.2,-0.1,43.6,3.87
1779,Languedoc,34.3,1.08,43.6,3.87
1780,Languedoc,30.4,-0.59,43.6,3.87
1781,Languedoc,31.0,0.38,43.6,3.87
1782,Languedoc,36.1,-1.24,43.6,3.87
1783,Languedoc,35.1,0.01,43.6,3.87
1784,Languedoc,30.2,-1.76,43.6,3.87
1785,Languedoc,37.0,-1.68,43.6,3.87
1786,Languedoc,31.8,-1.7,43.6,3.87
1787,Languedoc,39.5,-0.31,43.6,3.87
1788,Languedoc,27.1,-1.08,43.6,3.87
1789,Languedoc,40.8,-0.39,43.6,3.87
1790,Languedoc,40.1,-0.24,43.6,3.87
1791,Languedoc,22.8,0.31,43.6,3.87
1793,Languedoc,38.2,0.13,43.6,3.87
1794,Languedoc,28.2,0.74,43.6,3.87
1795,Languedoc,24.2,-0.71,43.6,3.87
1796,Languedoc,34.2,0.02,43.6,3.87
1797,Languedoc,29.2,0.52,43.6,3.87
1798,Languedoc,32.2,0.16,43.6,3.87
1799,Languedoc,44.2,-1.85,43.6,3.87
1800,Languedoc,34.2,-0.47,43.6,3.87
1910,Languedoc,21.9,-0.14,43.6,3.87
1911,Languedoc,16.9,0.38,43.6,3.87
1912,Languedoc,10.9,-0.54,43.6,3.87
1913,Languedoc,20.9,0.06,43.6,3.87
1918,Languedoc,21.9,-0.14,43.6,3.87
1919,Languedoc,13.9,-0.99,43.6,3.87
1920,Languedoc,6.9,0.39,43.6,3.87
1921,Languedoc,10.9,0.6,43.6,3.87
1922,Languedoc,11.9,-0.93,43.6,3.87
1923,Languedoc,21.9,-0.49,43.6,3.87
1924,Languedoc,9.9,-0.52,43.6,3.87
1925,Languedoc,25.0,-0.31,43.6,3.87
1926,Languedoc,26.5,0.07,43.6,3.87
1927,Languedoc,6.5,-0.28,43.6,3.87
1928,Languedoc,22.9,-0.04,43.6,3.87
1929,Languedoc,11.0,-0.67,43.6,3.87
1930,Languedoc,15.5,0.4,43.6,3.87
1931,Languedoc,19.5,-0.67,43.6,3.87
1932,Languedoc,33.5,0.02,43.6,3.87
1933,Languedoc,16.0,-0.41,43.6,3.87
1934,Languedoc,15.9,0.92,43.6,3.87
1935,Languedoc,21.9,0.02,43.6,3.87
1936,Languedoc,26.9,0.1,43.6,3.87
1937,Languedoc,11.9,0.28,43.6,3.87
1938,Languedoc,20.9,0.45,43.6,3.87
1939,Languedoc,24.9,-0.01,43.6,3.87
1940,Languedoc,22.9,-1.24,43.6,3.87
1941,Languedoc,22.9,-1.03,43.6,3.87
1942,Languedoc,14.9,-0.8,43.6,3.87
1943,Languedoc,10.9,0.65,43.6,3.87
1944,Languedoc,15.9,0.01,43.6,3.87
1945,Languedoc,8.9,0.56,43.6,3.87
1946,Languedoc,21.9,-0.03,43.6,3.87
1951,Languedoc,19.9,0.09,43.6,3.87
1952,Languedoc,9.9,-0.18,43.6,3.87
1953,Languedoc,16.9,0.31,43.6,3.87
1954,Languedoc,24.9,-0.48,43.6,3.87
1955,Languedoc,17.9,-0.22,43.6,3.87
1956,Languedoc,26.9,-1.19,43.6,3.87
1957,Languedoc,24.9,0.17,43.6,3.87
1958,Languedoc,23.9,-0.14,43.6,3.87
1959,Languedoc,18.9,0.54,43.6,3.87
1960,Languedoc,17.9,-0.02,43.6,3.87
1961,Languedoc,13.9,0.67,43.6,3.87
1962,Languedoc,29.9,-0.67,43.6,3.87
1963,Languedoc,27.9,-0.81,43.6,3.87
1964,Languedoc,19.9,-0.08,43.6,3.87
1965,Languedoc,21.9,-0.69,43.6,3.87
1966,Languedoc,17.9,-0.04,43.6,3.87
1967,Languedoc,19.9,0.22,43.6,3.87
1968,Languedoc,23.9,-0.2,43.6,3.87
1969,Languedoc,29.9,-0.38,43.6,3.87
1970,Languedoc,20.9,-0.32,43.6,3.87
1971,Languedoc,25.9,-0.08,43.6,3.87
1972,Languedoc,30.9,-0.25,43.6,3.87
1973,Languedoc,25.7,-0.01,43.6,3.87
1974,Languedoc,31.7,0.14,43.6,3.87
1975,Languedoc,24.9,0.39,43.6,3.87
1976,Languedoc,20.7,-0.08,43.6,3.87
1977,Languedoc,26.9,0.07,43.6,3.87
1978,Languedoc,32.9,-0.46,43.6,3.87
1979,Languedoc,26.0,-0.28,43.6,3.87
1980,Languedoc,34.7,-0.46,43.6,3.87
1981,Languedoc,28.0,-0.05,43.6,3.87
1982,Languedoc,21.7,0.51,43.6,3.87
1983,Languedoc,24.9,0.64,43.6,3.87
1984,Languedoc,30.7,-0.1,43.6,3.87
1985,Languedoc,24.9,-0.43,43.6,3.87
1986,Languedoc,27.7,-0.1,43.6,3.87
1987,Languedoc,26.7,-0.26,43.6,3.87
1988,Languedoc,21.7,0.67,43.6,3.87
1989,Languedoc,12.6,1.18,43.6,3.87
1990,Languedoc,13.3,1.22,43.6,3.87
1991,Languedoc,18.9,0.21,43.6,3.87
1992,Languedoc,20.7,0.89,43.6,3.87
1993,Languedoc,20.7,0.26,43.6,3.87
1994,Languedoc,12.5,1.32,43.6,3.87
1995,Languedoc,15.4,0.87,43.6,3.87
1996,Languedoc,23.1,-0.22,43.6,3.87
1997,Languedoc,14.9,0.98,43.6,3.87
1998,Languedoc,21.9,0.76,43.6,3.87
1999,Languedoc,23.0,1.09,43.6,3.87
2000,Languedoc,23.5,1.21,43.6,3.87
2001,Languedoc,15.5,0.95,43.6,3.87
2002,Languedoc,20.8,1.22,43.6,3.87
2003,Languedoc,12.4,1.28,43.6,3.87
2004,Languedoc,21.5,0.79,43.6,3.87
2005,Languedoc,20.4,0.75,43.6,3.87
2006,Languedoc,12.4,1.29,43.6,3.87
2007,Languedoc,15.0,1.39,43.6,3.87
1801,Low Loire Valley,37.1,0.19,47.15,0.22
1802,Low Loire Valley,40.1,-0.3,47.15,0.22
1803,Low Loire Valley,44.1,-0.92,47.15,0.22
1804,Low Loire Valley,37.1,-0.35,47.15,0.22
1805,Low Loire Valley,58.1,-1.38,47.15,0.22
1806,Low Loire Valley,37.1,-0.28,47.15,0.22
1807,Low Loire Valley,33.1,-0.66,47.15,0.22
1808,Low Loire Valley,33.1,-1.15,47.15,0.22
1809,Low Loire Valley,52.1,-1.32,47.15,0.22
1810,Low Loire Valley,45.1,-1.26,47.15,0.22
1811,Low Loire Valley,29.1,0.1,47.15,0.22
1812,Low Loire Valley,51.1,-1.77,47.15,0.22
1813,Low Loire Valley,55.1,-0.54,47.15,0.22
1814,Low Loire Valley,53.1,-1.66,47.15,0.22
1815,Low Loire Valley,41.1,-0.7,47.15,0.22
1816,Low Loire Valley,65.1,-1.54,47.15,0.22
1817,Low Loire Valley,52.7,-0.48,47.15,0.22
1818,Low Loire Valley,30.7,0.17,47.15,0.22
1819,Low Loire Valley,43.7,-0.01,47.15,0.22
1820,Low Loire Valley,53.1,-0.97,47.15,0.22
1821,Low Loire Valley,58.1,-0.27,47.15,0.22
1822,Low Loire Valley,16.1,0.78,47.15,0.22
1823,Low Loire Valley,57.1,-0.66,47.15,0.22
1824,Low Loire Valley,51.7,0.07,47.15,0.22
1825,Low Loire Valley,24.7,-0.07,47.15,0.22
1826,Low Loire Valley,35.1,0.51,47.15,0.22
1827,Low Loire Valley,35.7,-0.09,47.15,0.22
1828,Low Loire Valley,41.7,-0.12,47.15,0.22
1829,Low Loire Valley,51.7,-1.85,47.15,0.22
1830,Low Loire Valley,48.1,-0.6,47.15,0.22
1831,Low Loire Valley,36.1,-0.12,47.15,0.22
1832,Low Loire Valley,51.1,-0.76,47.15,0.22
1833,Low Loire Valley,39.7,-0.28,47.15,0.22
1834,Low Loire Valley,31.1,0.51,47.15,0.22
1835,Low Loire Valley,40.7,-0.55,47.15,0.22
1836,Low Loire Valley,40.1,-0.57,47.15,0.22
1837,Low Loire Valley,48.7,-0.94,47.15,0.22
1838,Low Loire Valley,48.1,-1.75,47.15,0.22
1839,Low Loire Valley,40.1,-0.69,47.15,0.22
1840,Low Loire Valley,41.1,-1.02,47.15,0.22
1841,Low Loire Valley,47.1,-0.32,47.15,0.22
1842,Low Loire Valley,34.1,-0.27,47.15,0.22
1843,Low Loire Valley,59.1,-0.19,47.15,0.22
1844,Low Loire Valley,33.1,-1.2,47.15,0.22
1845,Low Loire Valley,57.1,-1.25,47.15,0.22
1846,Low Loire Valley,27.1,0.26,47.15,0.22
1847,Low Loire Valley,44.6,-0.61,47.15,0.22
1848,Low Loire Valley,40.6,-0.38,47.15,0.22
1849,Low Loire Valley,38.1,-0.71,47.15,0.22
1850,Low Loire Valley,45.1,-0.72,47.15,0.22
1851,Low Loire Valley,50.6,-0.34,47.15,0.22
1852,Low Loire Valley,40.6,-0.08,47.15,0.22
1853,Low Loire Valley,61.6,-1.0,47.15,0.22
1854,Low Loire Valley,54.6,-0.24,47.15,0.22
1855,Low Loire Valley,50.1,-1.43,47.15,0.22
1856,Low Loire Valley,44.1,-0.9,47.15,0.22
1857,Low Loire Valley,34.6,0.23,47.15,0.22
1858,Low Loire Valley,32.6,-0.2,47.15,0.22
1859,Low Loire Valley,31.1,0.48,47.15,0.22
1860,Low Loire Valley,57.6,-0.99,47.15,0.22
1861,Low Loire Valley,38.6,-0.24,47.15,0.22
1862,Low Loire Valley,39.1,-0.51,47.15,0.22
1863,Low Loire Valley,38.1,0.6,47.15,0.22
1864,Low Loire Valley,35.1,-1.22,47.15,0.22
1865,Low Loire Valley,20.1,-0.15,47.15,0.22
1866,Low Loire Valley,44.1,-0.08,47.15,0.22
1867,Low Loire Valley,49.6,-0.96,47.15,0.22
1868,Low Loire Valley,32.6,0.55,47.15,0.22
1869,Low Loire Valley,49.1,-0.17,47.15,0.22
1870,Low Loire Valley,28.6,-0.93,47.15,0.22
1871,Low Loire Valley,43.6,-1.47,47.15,0.22
1872,Low Loire Valley,47.6,0.52,47.15,0.22
1873,Low Loire Valley,46.1,0.06,47.15,0.22
1874,Low Loire Valley,34.1,-0.22,47.15,0.22
1875,Low Loire Valley,45.6,-1.02,47.15,0.22
1876,Low Loire Valley,37.1,-0.55,47.15,0.22
1877,Low Loire Valley,43.1,-0.56,47.15,0.22
1878,Low Loire Valley,52.6,-0.24,47.15,0.22
1879,Low Loire Valley,70.6,-1.52,47.15,0.22
1880,Low Loire Valley,63.0,-0.26,47.15,0.22
1881,Low Loire Valley,34.0,-1.06,47.15,0.22
1882,Low Loire Valley,48.0,-0.07,47.15,0.22
1883,Low Loire Valley,44.0,-0.61,47.15,0.22
1884,Low Loire Valley,40.0,-0.22,47.15,0.22
1885,Low Loire Valley,42.0,-0.73,47.15,0.22
1886,Low Loire Valley,50.0,-0.44,47.15,0.22
1887,Low Loire Valley,47.0,-0.93,47.15,0.22
1888,Low Loire Valley,50.0,-1.59,47.15,0.22
1889,Low Loire Valley,44.0,-0.87,47.15,0.22
1890,Low Loire Valley,50.0,-0.69,47.15,0.22
1891,Low Loire Valley,51.0,-0.78,47.15,0.22
1892,Low Loire Valley,33.0,-0.9,47.15,0.22
1893,Low Loire Valley,11.0,-0.5,47.15,0.22
1894,Low Loire Valley,49.0,-0.07,47.15,0.22
1895,Low Loire Valley,41.0,-0.74,47.15,0.22
1896,Low Loire Valley,28.0,-0.49,47.15,0.22
1897,Low Loire Valley,39.0,-0.08,47.15,0.22
1898,Low Loire Valley,47.0,0.2,47.15,0.22
1899,Low Loire Valley,36.0,-0.14,47.15,0.22
1900,Low Loire Valley,33.0,-0.08,47.15,0.22
1901,Low Loire Valley,31.0,-0.53,47.15,0.22
1902,Low Loire Valley,42.0,-1.11,47.15,0.22
1903,Low Loire Valley,45.0,-0.1,47.15,0.22
1904,Low Loire Valley,33.0,-0.16,47.15,0.22
1905,Low Loire Valley,32.0,-0.35,47.15,0.22
1906,Low Loire Valley,28.0,-0.01,47.15,0.22
1907,Low Loire Valley,49.0,-0.58,47.15,0.22
1908,Low Loire Valley,35.0,-0.7,47.15,0.22
1909,Low Loire Valley,41.0,-1.07,47.15,0.22
1910,Low Loire Valley,49.0,-0.14,47.15,0.22
1911,Low Loire Valley,29.0,0.38,47.15,0.22
1912,Low Loire Valley,38.0,-0.54,47.15,0.22
1913,Low Loire Valley,47.0,0.06,47.15,0.22
1914,Low Loire Valley,42.0,0.08,47.15,0.22
1915,Low Loire Valley,34.0,-0.78,47.15,0.22
1916,Low Loire Valley,43.0,-0.2,47.15,0.22
1917,Low Loire Valley,34.0,-0.95,47.15,0.22
1918,Low Loire Valley,38.0,-0.14,47.15,0.22
1919,Low Loire Valley,34.0,-0.99,47.15,0.22
1920,Low Loire Valley,58.0,0.39,47.15,0.22
1921,Low Loire Valley,38.0,0.6,47.15,0.22
1922,Low Loire Valley,44.0,-0.93,47.15,0.22
1923,Low Loire Valley,40.0,-0.49,47.15,0.22
1924,Low Loire Valley,41.0,-0.52,47.15,0.22
1925,Low Loire Valley,45.0,-0.31,47.15,0.22
1926,Low Loire Valley,46.0,0.07,47.15,0.22
1927,Low Loire Valley,45.0,-0.28,47.15,0.22
1928,Low Loire Valley,35.0,-0.04,47.15,0.22
1929,Low Loire Valley,39.0,-0.67,47.15,0.22
1930,Low Loire Valley,48.0,0.4,47.15,0.22
1931,Low Loire Valley,44.0,-0.67,47.15,0.22
1932,Low Loire Valley,45.0,0.02,47.15,0.22
1933,Low Loire Valley,37.0,-0.41,47.15,0.22
1934,Low Loire Valley,36.0,0.92,47.15,0.22
1935,Low Loire Valley,38.0,0.02,47.15,0.22
1936,Low Loire Valley,41.0,0.1,47.15,0.22
1937,Low Loire Valley,42.0,0.28,47.15,0.22
1938,Low Loire Valley,45.0,0.45,47.15,0.22
1939,Low Loire Valley,41.0,-0.01,47.15,0.22
1940,Low Loire Valley,42.0,-1.24,47.15,0.22
1941,Low Loire Valley,45.0,-1.03,47.15,0.22
1942,Low Loire Valley,44.0,-0.8,47.15,0.22
1943,Low Loire Valley,40.0,0.65,47.15,0.22
1944,Low Loire Valley,40.0,0.01,47.15,0.22
1946,Low Loire Valley,37.0,-0.03,47.15,0.22
1947,Low Loire Valley,29.0,0.32,47.15,0.22
1948,Low Loire Valley,31.0,0.58,47.15,0.22
1949,Low Loire Valley,26.0,0.88,47.15,0.22
1950,Low Loire Valley,27.0,0.31,47.15,0.22
1951,Low Loire Valley,46.0,0.09,47.15,0.22
1952,Low Loire Valley,26.0,-0.18,47.15,0.22
1953,Low Loire Valley,35.0,0.31,47.15,0.22
1954,Low Loire Valley,48.0,-0.48,47.15,0.22
1955,Low Loire Valley,34.0,-0.22,47.15,0.22
1956,Low Loire Valley,45.0,-1.19,47.15,0.22
1957,Low Loire Valley,37.0,0.17,47.15,0.22
1958,Low Loire Valley,46.0,-0.14,47.15,0.22
1959,Low Loire Valley,26.0,0.54,47.15,0.22
1960,Low Loire Valley,29.0,-0.02,47.15,0.22
1961,Low Loire Valley,33.0,0.67,47.15,0.22
1962,Low Loire Valley,48.0,-0.67,47.15,0.22
1963,Low Loire Valley,51.0,-0.81,47.15,0.22
1964,Low Loire Valley,35.0,-0.08,47.15,0.22
1965,Low Loire Valley,52.0,-0.69,47.15,0.22
1966,Low Loire Valley,41.0,-0.04,47.15,0.22
1967,Low Loire Valley,40.0,0.22,47.15,0.22
1968,Low Loire Valley,45.0,-0.2,47.15,0.22
1969,Low Loire Valley,36.0,-0.38,47.15,0.22
1970,Low Loire Valley,36.0,-0.32,47.15,0.22
1971,Low Loire Valley,35.0,-0.08,47.15,0.22
1972,Low Loire Valley,50.0,-0.25,47.15,0.22
1973,Low Loire Valley,35.0,-0.01,47.15,0.22
1974,Low Loire Valley,40.0,0.14,47.15,0.22
1975,Low Loire Valley,39.0,0.39,47.15,0.22
1976,Low Loire Valley,20.0,-0.08,47.15,0.22
1979,Low Loire Valley,43.3,-0.28,47.15,0.22
1980,Low Loire Valley,48.3,-0.46,47.15,0.22
1981,Low Loire Valley,41.3,-0.05,47.15,0.22
1982,Low Loire Valley,25.3,0.51,47.15,0.22
1983,Low Loire Valley,38.3,0.64,47.15,0.22
1984,Low Loire Valley,43.3,-0.1,47.15,0.22
1985,Low Loire Valley,40.3,-0.43,47.15,0.22
1986,Low Loire Valley,42.4,-0.1,47.15,0.22
1987,Low Loire Valley,44.4,-0.26,47.15,0.22
1988,Low Loire Valley,35.9,0.67,47.15,0.22
1989,Low Loire Valley,21.3,1.18,47.15,0.22
1990,Low Loire Valley,25.4,1.22,47.15,0.22
1991,Low Loire Valley,40.3,0.21,47.15,0.22
1992,Low Loire Valley,24.9,0.89,47.15,0.22
1993,Low Loire Valley,32.4,0.26,47.15,0.22
1994,Low Loire Valley,27.9,1.32,47.15,0.22
1995,Low Loire Valley,31.3,0.87,47.15,0.22
1996,Low Loire Valley,33.9,-0.22,47.15,0.22
1997,Low Loire Valley,32.9,0.98,47.15,0.22
1998,Low Loire Valley,34.3,0.76,47.15,0.22
1999,Low Loire Valley,27.4,1.09,47.15,0.22
2000,Low Loire Valley,29.4,1.21,47.15,0.22
2001,Low Loire Valley,30.9,0.95,47.15,0.22
2002,Low Loire Valley,34.4,1.22,47.15,0.22
2003,Low Loire Valley,13.3,1.28,47.15,0.22
2004,Low Loire Valley,31.0,0.79,47.15,0.22
2005,Low Loire Valley,24.0,0.75,47.15,0.22
2006,Low Loire Valley,28.3,1.29,47.15,0.22
1840,Luxembourg,40.0,-1.02,49.67,6.13
1841,Luxembourg,35.0,-0.32,49.67,6.13
1842,Luxembourg,37.0,-0.27,49.67,6.13
1843,Luxembourg,54.0,-0.19,49.67,6.13
1844,Luxembourg,45.0,-1.2,49.67,6.13
1845,Luxembourg,34.0,-1.25,49.67,6.13
1846,Luxembourg,29.0,0.26,49.67,6.13
1847,Luxembourg,55.0,-0.61,49.67,6.13
1848,Luxembourg,44.0,-0.38,49.67,6.13
1849,Luxembourg,56.0,-0.71,49.67,6.13
1851,Luxembourg,75.0,-0.34,49.67,6.13
1852,Luxembourg,55.0,-0.08,49.67,6.13
1853,Luxembourg,59.0,-1.0,49.67,6.13
1854,Luxembourg,64.0,-0.24,49.67,6.13
1855,Luxembourg,52.0,-1.43,49.67,6.13
1856,Luxembourg,64.0,-0.9,49.67,6.13
1857,Luxembourg,39.0,0.23,49.67,6.13
1858,Luxembourg,44.0,-0.2,49.67,6.13
1859,Luxembourg,36.0,0.48,49.67,6.13
1861,Luxembourg,51.0,-0.24,49.67,6.13
1862,Luxembourg,51.0,-0.51,49.67,6.13
1863,Luxembourg,56.0,0.6,49.67,6.13
1864,Luxembourg,55.0,-1.22,49.67,6.13
1865,Luxembourg,39.0,-0.15,49.67,6.13
1866,Luxembourg,56.0,-0.08,49.67,6.13
1867,Luxembourg,58.0,-0.96,49.67,6.13
1868,Luxembourg,31.0,0.55,49.67,6.13
1869,Luxembourg,55.0,-0.17,49.67,6.13
1870,Luxembourg,47.0,-0.93,49.67,6.13
1871,Luxembourg,50.0,-1.47,49.67,6.13
1872,Luxembourg,44.0,0.52,49.67,6.13
1873,Luxembourg,57.0,0.06,49.67,6.13
1874,Luxembourg,45.0,-0.22,49.67,6.13
1875,Luxembourg,53.0,-1.02,49.67,6.13
1876,Luxembourg,54.0,-0.55,49.67,6.13
1877,Luxembourg,58.0,-0.56,49.67,6.13
1878,Luxembourg,57.0,-0.24,49.67,6.13
1879,Luxembourg,49.0,-1.52,49.67,6.13
1880,Luxembourg,53.0,-0.26,49.67,6.13
1881,Luxembourg,47.0,-1.06,49.67,6.13
1882,Luxembourg,56.0,-0.07,49.67,6.13
1883,Luxembourg,52.0,-0.61,49.67,6.13
1884,Luxembourg,52.0,-0.22,49.67,6.13
1885,Luxembourg,55.0,-0.73,49.67,6.13
1886,Luxembourg,53.0,-0.44,49.67,6.13
1887,Luxembourg,54.0,-0.93,49.67,6.13
1888,Luxembourg,55.0,-1.59,49.67,6.13
1889,Luxembourg,45.0,-0.87,49.67,6.13
1890,Luxembourg,53.0,-0.69,49.67,6.13
1891,Luxembourg,63.0,-0.78,49.67,6.13
1892,Luxembourg,40.0,-0.9,49.67,6.13
1893,Luxembourg,33.0,-0.5,49.67,6.13
1894,Luxembourg,58.0,-0.07,49.67,6.13
1895,Luxembourg,52.0,-0.74,49.67,6.13
1896,Luxembourg,50.0,-0.49,49.67,6.13
1897,Luxembourg,50.0,-0.08,49.67,6.13
1898,Luxembourg,56.0,0.2,49.67,6.13
1899,Luxembourg,55.0,-0.14,49.67,6.13
1900,Luxembourg,38.0,-0.08,49.67,6.13
1901,Luxembourg,40.0,-0.53,49.67,6.13
1902,Luxembourg,56.0,-1.11,49.67,6.13
1903,Luxembourg,48.0,-0.1,49.67,6.13
1904,Luxembourg,32.0,-0.16,49.67,6.13
1905,Luxembourg,32.0,-0.35,49.67,6.13
1906,Luxembourg,40.0,-0.01,49.67,6.13
1907,Luxembourg,31.0,-0.58,49.67,6.13
1908,Luxembourg,45.0,-0.7,49.67,6.13
1909,Luxembourg,30.0,-1.07,49.67,6.13
1910,Luxembourg,33.0,-0.14,49.67,6.13
1911,Luxembourg,31.0,0.38,49.67,6.13
1912,Luxembourg,37.0,-0.54,49.67,6.13
1913,Luxembourg,30.0,0.06,49.67,6.13
1914,Luxembourg,54.0,0.08,49.67,6.13
1915,Luxembourg,31.0,-0.78,49.67,6.13
1916,Luxembourg,48.0,-0.2,49.67,6.13
1917,Luxembourg,24.0,-0.95,49.67,6.13
1918,Luxembourg,18.0,-0.14,49.67,6.13
1919,Luxembourg,15.0,-0.99,49.67,6.13
1920,Luxembourg,39.0,0.39,49.67,6.13
1921,Luxembourg,28.0,0.6,49.67,6.13
1922,Luxembourg,44.0,-0.93,49.67,6.13
1923,Luxembourg,53.0,-0.49,49.67,6.13
1924,Luxembourg,44.0,-0.52,49.67,6.13
1925,Luxembourg,42.0,-0.31,49.67,6.13
1926,Luxembourg,50.0,0.07,49.67,6.13
1927,Luxembourg,48.0,-0.28,49.67,6.13
1928,Luxembourg,43.0,-0.04,49.67,6.13
1929,Luxembourg,39.0,-0.67,49.67,6.13
1930,Luxembourg,24.0,0.4,49.67,6.13
1931,Luxembourg,36.0,-0.67,49.67,6.13
1932,Luxembourg,29.0,0.02,49.67,6.13
1933,Luxembourg,32.0,-0.41,49.67,6.13
1934,Luxembourg,19.0,0.92,49.67,6.13
1935,Luxembourg,25.0,0.02,49.67,6.13
1936,Luxembourg,28.0,0.1,49.67,6.13
1937,Luxembourg,15.0,0.28,49.67,6.13
1938,Luxembourg,33.0,0.45,49.67,6.13
1939,Luxembourg,28.0,-0.01,49.67,6.13
1940,Luxembourg,27.0,-1.24,49.67,6.13
1941,Luxembourg,43.0,-1.03,49.67,6.13
1942,Luxembourg,31.0,-0.8,49.67,6.13
1943,Luxembourg,27.0,0.65,49.67,6.13
1945,Luxembourg,12.0,0.56,49.67,6.13
1946,Luxembourg,20.0,-0.03,49.67,6.13
1947,Luxembourg,23.0,0.32,49.67,6.13
1948,Luxembourg,22.0,0.58,49.67,6.13
1949,Luxembourg,25.0,0.88,49.67,6.13
1656,Maritime Alps,39.0,0.0,,
1657,Maritime Alps,46.0,0.18,,
1658,Maritime Alps,40.0,-0.14,,
1659,Maritime Alps,36.0,-0.21,,
1660,Maritime Alps,30.0,-0.05,,
1661,Maritime Alps,33.0,0.45,,
1662,Maritime Alps,46.0,0.13,,
1663,Maritime Alps,46.5,-0.44,,
1664,Maritime Alps,40.0,-0.52,,
1665,Maritime Alps,49.0,-0.73,,
1666,Maritime Alps,34.0,0.03,,
1667,Maritime Alps,54.0,-0.65,,
1668,Maritime Alps,38.0,0.07,,
1669,Maritime Alps,40.0,-0.3,,
1670,Maritime Alps,37.0,-0.41,,
1671,Maritime Alps,49.0,-0.21,,
1672,Maritime Alps,47.0,-0.69,,
1673,Maritime Alps,53.0,-1.13,,
1674,Maritime Alps,44.0,-1.39,,
1676,Maritime Alps,42.0,-0.67,,
1677,Maritime Alps,41.0,-0.73,,
1678,Maritime Alps,40.0,-1.06,,
1679,Maritime Alps,46.0,-0.75,,
1680,Maritime Alps,37.0,-0.62,,
1681,Maritime Alps,43.0,-0.76,,
1682,Maritime Alps,43.0,-0.46,,
1683,Maritime Alps,34.0,-1.02,,
1684,Maritime Alps,28.5,-1.56,,
1685,Maritime Alps,39.0,-0.35,,
1686,Maritime Alps,28.0,0.64,,
1687,Maritime Alps,48.0,-0.52,,
1688,Maritime Alps,41.0,-1.65,,
1689,Maritime Alps,43.0,-0.95,,
1690,Maritime Alps,47.5,-0.57,,
1691,Maritime Alps,34.0,-1.34,,
1692,Maritime Alps,51.0,-1.78,,
1693,Maritime Alps,52.5,-1.04,,
1694,Maritime Alps,41.0,-1.84,,
1695,Maritime Alps,52.5,-2.22,,
1696,Maritime Alps,58.0,-0.99,,
1697,Maritime Alps,51.0,-1.46,,
1698,Maritime Alps,61.5,-1.84,,
1699,Maritime Alps,43.5,-0.68,,
1700,Maritime Alps,54.0,-0.91,,
1701,Maritime Alps,47.0,-0.76,,
1702,Maritime Alps,48.0,-1.4,,
1703,Maritime Alps,38.0,-1.21,,
1704,Maritime Alps,36.0,-0.44,,
1705,Maritime Alps,49.0,-0.76,,
1706,Maritime Alps,29.0,-1.04,,
1707,Maritime Alps,36.5,-1.3,,
1708,Maritime Alps,42.5,-1.51,,
1709,Maritime Alps,44.0,-2.13,,
1710,Maritime Alps,34.0,-0.02,,
1711,Maritime Alps,48.5,-0.09,,
1712,Maritime Alps,41.0,-0.37,,
1713,Maritime Alps,40.5,-0.87,,
1714,Maritime Alps,54.0,-0.07,,
1715,Maritime Alps,37.0,-0.07,,
1716,Maritime Alps,47.0,-1.13,,
1717,Maritime Alps,48.0,-0.47,,
1718,Maritime Alps,26.0,-0.22,,
1719,Maritime Alps,29.0,-0.02,,
1720,Maritime Alps,33.5,-0.41,,
1721,Maritime Alps,50.0,-0.6,,
1722,Maritime Alps,37.0,0.79,,
1723,Maritime Alps,41.0,1.46,,
1724,Maritime Alps,25.0,-0.2,,
1725,Maritime Alps,48.0,-0.15,,
1726,Maritime Alps,37.0,-0.06,,
1727,Maritime Alps,36.0,0.79,,
1728,Maritime Alps,30.5,-0.31,,
1729,Maritime Alps,36.0,-0.45,,
1730,Maritime Alps,46.0,0.33,,
1731,Maritime Alps,45.0,-0.26,,
1732,Maritime Alps,44.5,-0.33,,
1733,Maritime Alps,45.5,0.61,,
1734,Maritime Alps,29.5,0.28,,
1735,Maritime Alps,48.0,0.46,,
1736,Maritime Alps,48.5,0.35,,
1737,Maritime Alps,44.0,0.32,,
1738,Maritime Alps,50.0,0.49,,
1739,Maritime Alps,40.0,-0.79,,
1740,Maritime Alps,60.0,-2.47,,
1741,Maritime Alps,35.0,-0.19,,
1742,Maritime Alps,40.0,-1.27,,
1743,Maritime Alps,54.0,0.52,,
1744,Maritime Alps,53.5,-0.59,,
1745,Maritime Alps,46.0,-0.78,,
1746,Maritime Alps,49.0,-0.67,,
1747,Maritime Alps,44.0,-0.18,,
1748,Maritime Alps,46.0,-0.36,,
1749,Maritime Alps,53.0,-0.13,,
1750,Maritime Alps,49.0,0.31,,
1751,Maritime Alps,51.5,-0.91,,
1752,Maritime Alps,49.0,0.14,,
1753,Maritime Alps,45.0,-0.89,,
1754,Maritime Alps,44.0,-0.87,,
1755,Maritime Alps,47.0,-0.83,,
1756,Maritime Alps,49.5,-0.29,,
1757,Maritime Alps,47.0,0.05,,
1758,Maritime Alps,50.5,-0.74,,
1759,Maritime Alps,46.5,0.32,,
1760,Maritime Alps,38.5,-0.21,,
1761,Maritime Alps,47.5,0.65,,
1762,Maritime Alps,41.0,0.12,,
1763,Maritime Alps,47.0,-0.15,,
1764,Maritime Alps,45.0,0.4,,
1765,Maritime Alps,51.0,-0.03,,
1766,Maritime Alps,45.0,0.24,,
1767,Maritime Alps,49.0,-0.43,,
1768,Maritime Alps,47.0,-0.53,,
1769,Maritime Alps,46.0,-0.32,,
1770,Maritime Alps,59.0,-0.18,,
1771,Maritime Alps,51.0,-1.02,,
1772,Maritime Alps,49.0,-0.26,,
1773,Maritime Alps,58.0,0.83,,
1774,Maritime Alps,54.0,-0.59,,
1775,Maritime Alps,49.0,0.9,,
1776,Maritime Alps,52.0,-0.25,,
1777,Maritime Alps,43.0,-0.62,,
1778,Maritime Alps,47.0,-0.1,,
1779,Maritime Alps,43.5,1.08,,
1780,Maritime Alps,42.0,-0.59,,
1781,Maritime Alps,41.5,0.38,,
1782,Maritime Alps,44.0,-1.24,,
1783,Maritime Alps,51.5,0.01,,
1784,Maritime Alps,42.0,-1.76,,
1785,Maritime Alps,50.0,-1.68,,
1786,Maritime Alps,48.0,-1.7,,
1787,Maritime Alps,50.0,-0.31,,
1788,Maritime Alps,45.0,-1.08,,
1789,Maritime Alps,52.0,-0.39,,
1791,Maritime Alps,30.0,0.31,,
1792,Maritime Alps,47.0,-0.43,,
1796,Maritime Alps,42.0,0.02,,
1690,Northern Italy,46.0,-0.57,46.22,10.17
1692,Northern Italy,57.0,-1.78,46.22,10.17
1695,Northern Italy,55.0,-2.22,46.22,10.17
1700,Northern Italy,42.0,-0.91,46.22,10.17
1702,Northern Italy,48.0,-1.4,46.22,10.17
1703,Northern Italy,47.0,-1.21,46.22,10.17
1706,Northern Italy,42.0,-1.04,46.22,10.17
1707,Northern Italy,47.0,-1.3,46.22,10.17
1716,Northern Italy,49.0,-1.13,46.22,10.17
1717,Northern Italy,48.0,-0.47,46.22,10.17
1718,Northern Italy,36.0,-0.22,46.22,10.17
1719,Northern Italy,46.0,-0.02,46.22,10.17
1721,Northern Italy,35.0,-0.6,46.22,10.17
1722,Northern Italy,39.0,0.79,46.22,10.17
1724,Northern Italy,38.0,-0.2,46.22,10.17
1726,Northern Italy,37.0,-0.06,46.22,10.17
1727,Northern Italy,45.0,0.79,46.22,10.17
1729,Northern Italy,47.0,-0.45,46.22,10.17
1733,Northern Italy,45.0,0.61,46.22,10.17
1734,Northern Italy,34.0,0.28,46.22,10.17
1735,Northern Italy,46.0,0.46,46.22,10.17
1736,Northern Italy,46.0,0.35,46.22,10.17
1737,Northern Italy,51.0,0.32,46.22,10.17
1738,Northern Italy,32.0,0.49,46.22,10.17
1741,Northern Italy,48.0,-0.19,46.22,10.17
1743,Northern Italy,51.0,0.52,46.22,10.17
1744,Northern Italy,45.0,-0.59,46.22,10.17
1745,Northern Italy,48.0,-0.78,46.22,10.17
1746,Northern Italy,46.0,-0.67,46.22,10.17
1747,Northern Italy,46.0,-0.18,46.22,10.17
1748,Northern Italy,47.0,-0.36,46.22,10.17
1750,Northern Italy,46.0,0.31,46.22,10.17
1751,Northern Italy,51.0,-0.91,46.22,10.17
1752,Northern Italy,48.0,0.14,46.22,10.17
1753,Northern Italy,47.0,-0.89,46.22,10.17
1754,Northern Italy,51.0,-0.87,46.22,10.17
1755,Northern Italy,45.0,-0.83,46.22,10.17
1756,Northern Italy,51.0,-0.29,46.22,10.17
1757,Northern Italy,47.0,0.05,46.22,10.17
1758,Northern Italy,51.0,-0.74,46.22,10.17
1760,Northern Italy,47.0,-0.21,46.22,10.17
1761,Northern Italy,49.0,0.65,46.22,10.17
1762,Northern Italy,36.0,0.12,46.22,10.17
1763,Northern Italy,49.0,-0.15,46.22,10.17
1764,Northern Italy,39.0,0.4,46.22,10.17
1765,Northern Italy,51.0,-0.03,46.22,10.17
1766,Northern Italy,45.0,0.24,46.22,10.17
1767,Northern Italy,49.0,-0.43,46.22,10.17
1768,Northern Italy,50.0,-0.53,46.22,10.17
1769,Northern Italy,53.0,-0.32,46.22,10.17
1770,Northern Italy,53.0,-0.18,46.22,10.17
1771,Northern Italy,51.0,-1.02,46.22,10.17
1772,Northern Italy,49.0,-0.26,46.22,10.17
1773,Northern Italy,51.0,0.83,46.22,10.17
1775,Northern Italy,49.0,0.9,46.22,10.17
1776,Northern Italy,51.0,-0.25,46.22,10.17
1777,Northern Italy,52.0,-0.62,46.22,10.17
1779,Northern Italy,48.0,1.08,46.22,10.17
1781,Northern Italy,34.0,0.38,46.22,10.17
1782,Northern Italy,51.0,-1.24,46.22,10.17
1783,Northern Italy,46.0,0.01,46.22,10.17
1785,Northern Italy,57.0,-1.68,46.22,10.17
1786,Northern Italy,52.0,-1.7,46.22,10.17
1787,Northern Italy,45.0,-0.31,46.22,10.17
1788,Northern Italy,46.0,-1.08,46.22,10.17
1789,Northern Italy,45.0,-0.39,46.22,10.17
1790,Northern Italy,51.0,-0.24,46.22,10.17
1791,Northern Italy,49.0,0.31,46.22,10.17
1792,Northern Italy,34.0,-0.43,46.22,10.17
1793,Northern Italy,37.0,0.13,46.22,10.17
1794,Northern Italy,49.0,0.74,46.22,10.17
1795,Northern Italy,47.0,-0.71,46.22,10.17
1796,Northern Italy,46.0,0.02,46.22,10.17
1797,Northern Italy,47.0,0.52,46.22,10.17
1798,Northern Italy,51.0,0.16,46.22,10.17
1799,Northern Italy,50.0,-1.85,46.22,10.17
1800,Northern Italy,45.0,-0.47,46.22,10.17
1801,Northern Italy,42.0,0.19,46.22,10.17
1802,Northern Italy,41.0,-0.3,46.22,10.17
1803,Northern Italy,49.0,-0.92,46.22,10.17
1804,Northern Italy,47.0,-0.35,46.22,10.17
1805,Northern Italy,54.0,-1.38,46.22,10.17
1806,Northern Italy,47.0,-0.28,46.22,10.17
1807,Northern Italy,42.0,-0.66,46.22,10.17
1808,Northern Italy,49.0,-1.15,46.22,10.17
1809,Northern Italy,53.0,-1.32,46.22,10.17
1810,Northern Italy,52.0,-1.26,46.22,10.17
1811,Northern Italy,32.0,0.1,46.22,10.17
1812,Northern Italy,52.0,-1.77,46.22,10.17
1813,Northern Italy,50.0,-0.54,46.22,10.17
1814,Northern Italy,48.0,-1.66,46.22,10.17
1815,Northern Italy,48.0,-0.7,46.22,10.17
1816,Northern Italy,59.0,-1.54,46.22,10.17
1817,Northern Italy,47.0,-0.48,46.22,10.17
1818,Northern Italy,49.0,0.17,46.22,10.17
1819,Northern Italy,43.0,-0.01,46.22,10.17
1820,Northern Italy,48.0,-0.97,46.22,10.17
1821,Northern Italy,54.0,-0.27,46.22,10.17
1822,Northern Italy,24.0,0.78,46.22,10.17
1823,Northern Italy,53.0,-0.66,46.22,10.17
1824,Northern Italy,44.0,0.07,46.22,10.17
1825,Northern Italy,43.0,-0.07,46.22,10.17
1826,Northern Italy,47.0,0.51,46.22,10.17
1827,Northern Italy,47.0,-0.09,46.22,10.17
1828,Northern Italy,43.0,-0.12,46.22,10.17
1829,Northern Italy,46.0,-1.85,46.22,10.17
1830,Northern Italy,43.0,-0.6,46.22,10.17
1831,Northern Italy,50.0,-0.12,46.22,10.17
1832,Northern Italy,47.0,-0.76,46.22,10.17
1833,Northern Italy,51.0,-0.28,46.22,10.17
1834,Northern Italy,39.0,0.51,46.22,10.17
1835,Northern Italy,49.0,-0.55,46.22,10.17
1836,Northern Italy,50.0,-0.57,46.22,10.17
1837,Northern Italy,48.0,-0.94,46.22,10.17
1838,Northern Italy,48.0,-1.75,46.22,10.17
1839,Northern Italy,39.0,-0.69,46.22,10.17
1840,Northern Italy,42.0,-1.02,46.22,10.17
1841,Northern Italy,41.0,-0.32,46.22,10.17
1842,Northern Italy,38.0,-0.27,46.22,10.17
1843,Northern Italy,55.0,-0.19,46.22,10.17
1844,Northern Italy,40.0,-1.2,46.22,10.17
1845,Northern Italy,53.0,-1.25,46.22,10.17
1846,Northern Italy,28.0,0.26,46.22,10.17
1847,Northern Italy,48.0,-0.61,46.22,10.17
1848,Northern Italy,46.0,-0.38,46.22,10.17
1849,Northern Italy,35.0,-0.71,46.22,10.17
1850,Northern Italy,54.0,-0.72,46.22,10.17
1851,Northern Italy,52.0,-0.34,46.22,10.17
1852,Northern Italy,48.0,-0.08,46.22,10.17
1855,Northern Italy,58.0,-1.43,46.22,10.17
1856,Northern Italy,33.0,-0.9,46.22,10.17
1857,Northern Italy,27.0,0.23,46.22,10.17
1858,Northern Italy,25.0,-0.2,46.22,10.17
1862,Northern Italy,16.0,-0.51,46.22,10.17
1863,Northern Italy,25.0,0.6,46.22,10.17
1864,Northern Italy,40.0,-1.22,46.22,10.17
1865,Northern Italy,26.0,-0.15,46.22,10.17
1866,Northern Italy,45.0,-0.08,46.22,10.17
1867,Northern Italy,37.0,-0.96,46.22,10.17
1868,Northern Italy,35.0,0.55,46.22,10.17
1869,Northern Italy,34.0,-0.17,46.22,10.17
1870,Northern Italy,33.0,-0.93,46.22,10.17
1871,Northern Italy,48.0,-1.47,46.22,10.17
1872,Northern Italy,46.0,0.52,46.22,10.17
1873,Northern Italy,36.0,0.06,46.22,10.17
1874,Northern Italy,42.0,-0.22,46.22,10.17
1875,Northern Italy,45.0,-1.02,46.22,10.17
1876,Northern Italy,50.0,-0.55,46.22,10.17
1877,Northern Italy,48.0,-0.56,46.22,10.17
1878,Northern Italy,45.0,-0.24,46.22,10.17
1879,Northern Italy,50.0,-1.52,46.22,10.17
1880,Northern Italy,41.0,-0.26,46.22,10.17
1881,Northern Italy,40.0,-1.06,46.22,10.17
1882,Northern Italy,36.0,-0.07,46.22,10.17
1883,Northern Italy,52.0,-0.61,46.22,10.17
1884,Northern Italy,38.0,-0.22,46.22,10.17
1752,Northern Lorraine,45.0,0.14,48.68,5.88
1753,Northern Lorraine,36.0,-0.89,48.68,5.88
1754,Northern Lorraine,46.0,-0.87,48.68,5.88
1755,Northern Lorraine,38.0,-0.83,48.68,5.88
1756,Northern Lorraine,53.0,-0.29,48.68,5.88
1757,Northern Lorraine,33.0,0.05,48.68,5.88
1758,Northern Lorraine,37.0,-0.74,48.68,5.88
1759,Northern Lorraine,36.0,0.32,48.68,5.88
1760,Northern Lorraine,34.0,-0.21,48.68,5.88
1761,Northern Lorraine,35.0,0.65,48.68,5.88
1762,Northern Lorraine,33.0,0.12,48.68,5.88
1763,Northern Lorraine,47.0,-0.15,48.68,5.88
1764,Northern Lorraine,33.0,0.4,48.68,5.88
1765,Northern Lorraine,46.0,-0.03,48.68,5.88
1766,Northern Lorraine,43.0,0.24,48.68,5.88
1768,Northern Lorraine,48.0,-0.53,48.68,5.88
1769,Northern Lorraine,44.0,-0.32,48.68,5.88
1770,Northern Lorraine,50.0,-0.18,48.68,5.88
1771,Northern Lorraine,38.0,-1.02,48.68,5.88
1772,Northern Lorraine,43.0,-0.26,48.68,5.88
1773,Northern Lorraine,44.0,0.83,48.68,5.88
1774,Northern Lorraine,38.0,-0.59,48.68,5.88
1775,Northern Lorraine,40.0,0.9,48.68,5.88
1776,Northern Lorraine,46.0,-0.25,48.68,5.88
1777,Northern Lorraine,48.0,-0.62,48.68,5.88
1778,Northern Lorraine,39.0,-0.1,48.68,5.88
1779,Northern Lorraine,37.0,1.08,48.68,5.88
1781,Northern Lorraine,26.0,0.38,48.68,5.88
1782,Northern Lorraine,49.0,-1.24,48.68,5.88
1783,Northern Lorraine,34.0,0.01,48.68,5.88
1784,Northern Lorraine,36.0,-1.76,48.68,5.88
1785,Northern Lorraine,48.0,-1.68,48.68,5.88
1786,Northern Lorraine,44.0,-1.7,48.68,5.88
1787,Northern Lorraine,52.0,-0.31,48.68,5.88
1788,Northern Lorraine,19.0,-1.08,48.68,5.88
1789,Northern Lorraine,50.0,-0.39,48.68,5.88
1793,Northern Lorraine,37.0,0.13,48.68,5.88
1794,Northern Lorraine,30.0,0.74,48.68,5.88
1795,Northern Lorraine,43.0,-0.71,48.68,5.88
1796,Northern Lorraine,45.0,0.02,48.68,5.88
1797,Northern Lorraine,37.0,0.52,48.68,5.88
1798,Northern Lorraine,30.0,0.16,48.68,5.88
1799,Northern Lorraine,56.0,-1.85,48.68,5.88
1800,Northern Lorraine,35.0,-0.47,48.68,5.88
1801,Northern Lorraine,43.0,0.19,48.68,5.88
1802,Northern Lorraine,28.0,-0.3,48.68,5.88
1803,Northern Lorraine,35.0,-0.92,48.68,5.88
1804,Northern Lorraine,35.0,-0.35,48.68,5.88
1805,Northern Lorraine,52.0,-1.38,48.68,5.88
1806,Northern Lorraine,36.0,-0.28,48.68,5.88
1807,Northern Lorraine,38.0,-0.66,48.68,5.88
1808,Northern Lorraine,33.0,-1.15,48.68,5.88
1809,Northern Lorraine,44.0,-1.32,48.68,5.88
1810,Northern Lorraine,50.0,-1.26,48.68,5.88
1811,Northern Lorraine,19.0,0.1,48.68,5.88
1812,Northern Lorraine,47.0,-1.77,48.68,5.88
1813,Northern Lorraine,53.0,-0.54,48.68,5.88
1815,Northern Lorraine,41.0,-0.7,48.68,5.88
1816,Northern Lorraine,55.0,-1.54,48.68,5.88
1817,Northern Lorraine,52.0,-0.48,48.68,5.88
1818,Northern Lorraine,33.0,0.17,48.68,5.88
1819,Northern Lorraine,41.0,-0.01,48.68,5.88
1820,Northern Lorraine,46.0,-0.97,48.68,5.88
1821,Northern Lorraine,49.0,-0.27,48.68,5.88
1822,Northern Lorraine,9.0,0.78,48.68,5.88
1823,Northern Lorraine,50.0,-0.66,48.68,5.88
1824,Northern Lorraine,49.0,0.07,48.68,5.88
1825,Northern Lorraine,34.0,-0.07,48.68,5.88
1826,Northern Lorraine,39.0,0.51,48.68,5.88
1827,Northern Lorraine,36.0,-0.09,48.68,5.88
1828,Northern Lorraine,50.0,-0.12,48.68,5.88
1829,Northern Lorraine,51.0,-1.85,48.68,5.88
1830,Northern Lorraine,41.0,-0.6,48.68,5.88
1831,Northern Lorraine,41.0,-0.12,48.68,5.88
1832,Northern Lorraine,55.0,-0.76,48.68,5.88
1833,Northern Lorraine,35.0,-0.28,48.68,5.88
1834,Northern Lorraine,31.0,0.51,48.68,5.88
1835,Northern Lorraine,48.0,-0.55,48.68,5.88
1836,Northern Lorraine,47.0,-0.57,48.68,5.88
1837,Northern Lorraine,49.0,-0.94,48.68,5.88
1838,Northern Lorraine,47.0,-1.75,48.68,5.88
1839,Northern Lorraine,39.0,-0.69,48.68,5.88
1840,Northern Lorraine,38.0,-1.02,48.68,5.88
1841,Northern Lorraine,37.5,-0.32,48.68,5.88
1842,Northern Lorraine,26.8,-0.27,48.68,5.88
1843,Northern Lorraine,49.6,-0.19,48.68,5.88
1844,Northern Lorraine,37.0,-1.2,48.68,5.88
1845,Northern Lorraine,46.6,-1.25,48.68,5.88
1846,Northern Lorraine,21.5,0.26,48.68,5.88
1847,Northern Lorraine,41.7,-0.61,48.68,5.88
1848,Northern Lorraine,41.7,-0.38,48.68,5.88
1849,Northern Lorraine,41.4,-0.71,48.68,5.88
1850,Northern Lorraine,45.7,-0.72,48.68,5.88
1851,Northern Lorraine,50.0,-0.34,48.68,5.88
1852,Northern Lorraine,43.0,-0.08,48.68,5.88
1853,Northern Lorraine,42.6,-1.0,48.68,5.88
1854,Northern Lorraine,38.9,-0.24,48.68,5.88
1855,Northern Lorraine,43.9,-1.43,48.68,5.88
1856,Northern Lorraine,47.9,-0.9,48.68,5.88
1857,Northern Lorraine,33.2,0.23,48.68,5.88
1858,Northern Lorraine,31.3,-0.2,48.68,5.88
1859,Northern Lorraine,30.2,0.48,48.68,5.88
1860,Northern Lorraine,47.4,-0.99,48.68,5.88
1861,Northern Lorraine,35.7,-0.24,48.68,5.88
1862,Northern Lorraine,33.0,-0.51,48.68,5.88
1863,Northern Lorraine,43.2,0.6,48.68,5.88
1864,Northern Lorraine,42.7,-1.22,48.68,5.88
1865,Northern Lorraine,13.0,-0.15,48.68,5.88
1866,Northern Lorraine,40.8,-0.08,48.68,5.88
1867,Northern Lorraine,36.7,-0.96,48.68,5.88
1868,Northern Lorraine,14.2,0.55,48.68,5.88
1869,Northern Lorraine,36.9,-0.17,48.68,5.88
1870,Northern Lorraine,32.9,-0.93,48.68,5.88
1871,Northern Lorraine,43.2,-1.47,48.68,5.88
1872,Northern Lorraine,43.7,0.52,48.68,5.88
1873,Northern Lorraine,43.0,0.06,48.68,5.88
1874,Northern Lorraine,33.8,-0.22,48.68,5.88
1875,Northern Lorraine,37.8,-1.02,48.68,5.88
1876,Northern Lorraine,45.7,-0.55,48.68,5.88
1877,Northern Lorraine,34.6,-0.56,48.68,5.88
1878,Northern Lorraine,42.4,-0.24,48.68,5.88
1879,Northern Lorraine,46.7,-1.52,48.68,5.88
1880,Northern Lorraine,34.0,-0.26,48.68,5.88
1881,Northern Lorraine,36.0,-1.06,48.68,5.88
1882,Northern Lorraine,46.0,-0.07,48.68,5.88
1883,Northern Lorraine,40.0,-0.61,48.68,5.88
1884,Northern Lorraine,33.0,-0.22,48.68,5.88
1796,Northern Rhone Valley,30.0,0.02,,
1797,Northern Rhone Valley,29.0,0.52,,
1798,Northern Rhone Valley,21.0,0.16,,
1799,Northern Rhone Valley,41.0,-1.85,,
1800,Northern Rhone Valley,30.0,-0.47,,
1801,Northern Rhone Valley,18.0,0.19,,
1802,Northern Rhone Valley,18.0,-0.3,,
1803,Northern Rhone Valley,24.0,-0.92,,
1804,Northern Rhone Valley,33.0,-0.35,,
1805,Northern Rhone Valley,45.0,-1.38,,
1806,Northern Rhone Valley,36.0,-0.28,,
1807,Northern Rhone Valley,30.0,-0.66,,
1808,Northern Rhone Valley,30.0,-1.15,,
1809,Northern Rhone Valley,46.0,-1.32,,
1810,Northern Rhone Valley,31.0,-1.26,,
1811,Northern Rhone Valley,23.0,0.1,,
1812,Northern Rhone Valley,42.0,-1.77,,
1813,Northern Rhone Valley,35.0,-0.54,,
1814,Northern Rhone Valley,42.0,-1.66,,
1815,Northern Rhone Valley,30.0,-0.7,,
1816,Northern Rhone Valley,61.0,-1.54,,
1817,Northern Rhone Valley,37.0,-0.48,,
1818,Northern Rhone Valley,33.0,0.17,,
1819,Northern Rhone Valley,33.0,-0.01,,
1820,Northern Rhone Valley,32.0,-0.97,,
1821,Northern Rhone Valley,35.0,-0.27,,
1822,Northern Rhone Valley,9.0,0.78,,
1823,Northern Rhone Valley,43.0,-0.66,,
1824,Northern Rhone Valley,42.0,0.07,,
1825,Northern Rhone Valley,12.0,-0.07,,
1826,Northern Rhone Valley,31.0,0.51,,
1827,Northern Rhone Valley,31.0,-0.09,,
1828,Northern Rhone Valley,25.0,-0.12,,
1829,Northern Rhone Valley,35.0,-1.85,,
1830,Northern Rhone Valley,27.0,-0.6,,
1831,Northern Rhone Valley,25.0,-0.12,,
1832,Northern Rhone Valley,39.0,-0.76,,
1833,Northern Rhone Valley,31.0,-0.28,,
1834,Northern Rhone Valley,20.0,0.51,,
1835,Northern Rhone Valley,31.0,-0.55,,
1836,Northern Rhone Valley,38.0,-0.57,,
1837,Northern Rhone Valley,37.0,-0.94,,
1838,Northern Rhone Valley,36.0,-1.75,,
1839,Northern Rhone Valley,32.0,-0.69,,
1840,Northern Rhone Valley,26.0,-1.02,,
1841,Northern Rhone Valley,27.0,-0.32,,
1842,Northern Rhone Valley,20.0,-0.27,,
1843,Northern Rhone Valley,38.0,-0.19,,
1844,Northern Rhone Valley,23.0,-1.2,,
1845,Northern Rhone Valley,32.0,-1.25,,
1846,Northern Rhone Valley,14.0,0.26,,
1847,Northern Rhone Valley,28.0,-0.61,,
1848,Northern Rhone Valley,26.0,-0.38,,
1849,Northern Rhone Valley,25.0,-0.71,,
1850,Northern Rhone Valley,37.0,-0.72,,
1851,Northern Rhone Valley,38.0,-0.34,,
1852,Northern Rhone Valley,27.0,-0.08,,
1853,Northern Rhone Valley,38.0,-1.0,,
1854,Northern Rhone Valley,25.0,-0.24,,
1855,Northern Rhone Valley,31.0,-1.43,,
1856,Northern Rhone Valley,30.0,-0.9,,
1857,Northern Rhone Valley,23.0,0.23,,
1858,Northern Rhone Valley,20.0,-0.2,,
1859,Northern Rhone Valley,26.0,0.48,,
1860,Northern Rhone Valley,34.0,-0.99,,
1861,Northern Rhone Valley,25.0,-0.24,,
1862,Northern Rhone Valley,25.0,-0.51,,
1863,Northern Rhone Valley,21.0,0.6,,
1864,Northern Rhone Valley,22.0,-1.22,,
1865,Northern Rhone Valley,10.0,-0.15,,
1866,Northern Rhone Valley,20.0,-0.08,,
1867,Northern Rhone Valley,20.0,-0.96,,
1868,Northern Rhone Valley,15.0,0.55,,
1869,Northern Rhone Valley,25.0,-0.17,,
1870,Northern Rhone Valley,17.0,-0.93,,
1871,Northern Rhone Valley,27.0,-1.47,,
1872,Northern Rhone Valley,32.0,0.52,,
1873,Northern Rhone Valley,24.0,0.06,,
1874,Northern Rhone Valley,23.0,-0.22,,
1875,Northern Rhone Valley,20.0,-1.02,,
1876,Northern Rhone Valley,34.0,-0.55,,
1877,Northern Rhone Valley,25.0,-0.56,,
1878,Northern Rhone Valley,25.0,-0.24,,
1964,Northern Rhone Valley,28.0,-0.08,,
1965,Northern Rhone Valley,27.0,-0.69,,
1966,Northern Rhone Valley,28.0,-0.04,,
1967,Northern Rhone Valley,37.0,0.22,,
1968,Northern Rhone Valley,37.0,-0.2,,
1969,Northern Rhone Valley,36.0,-0.38,,
1970,Northern Rhone Valley,40.0,-0.32,,
1971,Northern Rhone Valley,32.0,-0.08,,
1972,Northern Rhone Valley,42.0,-0.25,,
1973,Northern Rhone Valley,29.0,-0.01,,
1974,Northern Rhone Valley,44.0,0.14,,
1975,Northern Rhone Valley,41.0,0.39,,
1976,Northern Rhone Valley,23.0,-0.08,,
1977,Northern Rhone Valley,40.0,0.07,,
1978,Northern Rhone Valley,40.0,-0.46,,
1979,Northern Rhone Valley,31.0,-0.28,,
1980,Northern Rhone Valley,31.0,-0.46,,
1981,Northern Rhone Valley,45.0,-0.05,,
1982,Northern Rhone Valley,31.0,0.51,,
1983,Northern Rhone Valley,19.0,0.64,,
1984,Northern Rhone Valley,32.0,-0.1,,
1985,Northern Rhone Valley,43.0,-0.43,,
1986,Northern Rhone Valley,36.0,-0.1,,
1987,Northern Rhone Valley,33.0,-0.26,,
1988,Northern Rhone Valley,39.0,0.67,,
1989,Northern Rhone Valley,28.0,1.18,,
1990,Northern Rhone Valley,16.0,1.22,,
1991,Northern Rhone Valley,26.0,0.21,,
1992,Northern Rhone Valley,32.0,0.89,,
1993,Northern Rhone Valley,24.0,0.26,,
1994,Northern Rhone Valley,26.0,1.32,,
1995,Northern Rhone Valley,20.0,0.87,,
1996,Northern Rhone Valley,27.0,-0.22,,
1997,Northern Rhone Valley,17.0,0.98,,
1998,Northern Rhone Valley,25.0,0.76,,
1999,Northern Rhone Valley,24.0,1.09,,
2000,Northern Rhone Valley,18.0,1.21,,
2001,Northern Rhone Valley,27.0,0.95,,
2002,Northern Rhone Valley,17.0,1.22,,
2003,Northern Rhone Valley,-2.0,1.28,,
2004,Northern Rhone Valley,23.0,0.79,,
2005,Northern Rhone Valley,21.0,0.75,,
2006,Northern Rhone Valley,20.0,1.29,,
1713,Savoie,54.5,-0.87,45.6,6.0
1714,Savoie,50.0,-0.07,45.6,6.0
1715,Savoie,43.0,-0.07,45.6,6.0
1716,Savoie,55.0,-1.13,45.6,6.0
1717,Savoie,39.0,-0.47,45.6,6.0
1718,Savoie,20.0,-0.22,45.6,6.0
1719,Savoie,33.0,-0.02,45.6,6.0
1720,Savoie,52.0,-0.41,45.6,6.0
1721,Savoie,50.5,-0.6,45.6,6.0
1722,Savoie,40.0,0.79,45.6,6.0
1723,Savoie,48.0,1.46,45.6,6.0
1724,Savoie,44.5,-0.2,45.6,6.0
1725,Savoie,56.0,-0.15,45.6,6.0
1726,Savoie,34.0,-0.06,45.6,6.0
1727,Savoie,33.0,0.79,45.6,6.0
1728,Savoie,35.5,-0.31,45.6,6.0
1729,Savoie,45.0,-0.45,45.6,6.0
1730,Savoie,50.0,0.33,45.6,6.0
1731,Savoie,43.0,-0.26,45.6,6.0
1732,Savoie,48.5,-0.33,45.6,6.0
1733,Savoie,49.5,0.61,45.6,6.0
1735,Savoie,52.0,0.46,45.6,6.0
1736,Savoie,43.0,0.35,45.6,6.0
1737,Savoie,40.5,0.32,45.6,6.0
1738,Savoie,48.0,0.49,45.6,6.0
1739,Savoie,40.0,-0.79,45.6,6.0
1740,Savoie,54.0,-2.47,45.6,6.0
1741,Savoie,46.5,-0.19,45.6,6.0
1742,Savoie,38.0,-1.27,45.6,6.0
1743,Savoie,49.5,0.52,45.6,6.0
1744,Savoie,50.5,-0.59,45.6,6.0
1745,Savoie,45.0,-0.78,45.6,6.0
1746,Savoie,43.0,-0.67,45.6,6.0
1747,Savoie,45.0,-0.18,45.6,6.0
1748,Savoie,45.5,-0.36,45.6,6.0
1749,Savoie,46.5,-0.13,45.6,6.0
1750,Savoie,46.5,0.31,45.6,6.0
1751,Savoie,51.5,-0.91,45.6,6.0
1752,Savoie,45.0,0.14,45.6,6.0
1753,Savoie,49.5,-0.89,45.6,6.0
1754,Savoie,48.5,-0.87,45.6,6.0
1755,Savoie,48.0,-0.83,45.6,6.0
1756,Savoie,46.0,-0.29,45.6,6.0
1757,Savoie,44.5,0.05,45.6,6.0
1758,Savoie,44.5,-0.74,45.6,6.0
1759,Savoie,39.5,0.32,45.6,6.0
1760,Savoie,40.5,-0.21,45.6,6.0
1761,Savoie,46.0,0.65,45.6,6.0
1763,Savoie,45.0,-0.15,45.6,6.0
1764,Savoie,43.5,0.4,45.6,6.0
1765,Savoie,49.0,-0.03,45.6,6.0
1766,Savoie,42.0,0.24,45.6,6.0
1767,Savoie,50.0,-0.43,45.6,6.0
1768,Savoie,45.0,-0.53,45.6,6.0
1769,Savoie,48.5,-0.32,45.6,6.0
1770,Savoie,56.0,-0.18,45.6,6.0
1771,Savoie,42.0,-1.02,45.6,6.0
1772,Savoie,40.5,-0.26,45.6,6.0
1773,Savoie,49.5,0.83,45.6,6.0
1774,Savoie,45.0,-0.59,45.6,6.0
1775,Savoie,47.5,0.9,45.6,6.0
1776,Savoie,49.0,-0.25,45.6,6.0
1777,Savoie,48.0,-0.62,45.6,6.0
1778,Savoie,47.0,-0.1,45.6,6.0
1779,Savoie,43.5,1.08,45.6,6.0
1780,Savoie,44.5,-0.59,45.6,6.0
1781,Savoie,33.0,0.38,45.6,6.0
1782,Savoie,49.0,-1.24,45.6,6.0
1783,Savoie,45.0,0.01,45.6,6.0
1784,Savoie,40.0,-1.76,45.6,6.0
1785,Savoie,45.5,-1.68,45.6,6.0
1786,Savoie,44.0,-1.7,45.6,6.0
1787,Savoie,50.0,-0.31,45.6,6.0
1788,Savoie,40.5,-1.08,45.6,6.0
1789,Savoie,47.5,-0.39,45.6,6.0
1790,Savoie,49.0,-0.24,45.6,6.0
1833,Savoie,32.0,-0.28,45.6,6.0
1834,Savoie,23.0,0.51,45.6,6.0
1835,Savoie,46.0,-0.55,45.6,6.0
1836,Savoie,43.0,-0.57,45.6,6.0
1837,Savoie,46.0,-0.94,45.6,6.0
1838,Savoie,42.0,-1.75,45.6,6.0
1839,Savoie,40.0,-0.69,45.6,6.0
1840,Savoie,39.0,-1.02,45.6,6.0
1841,Savoie,42.0,-0.32,45.6,6.0
1842,Savoie,34.0,-0.27,45.6,6.0
1843,Savoie,54.0,-0.19,45.6,6.0
1844,Savoie,39.0,-1.2,45.6,6.0
1845,Savoie,51.0,-1.25,45.6,6.0
1846,Savoie,24.0,0.26,45.6,6.0
1847,Savoie,43.0,-0.61,45.6,6.0
1848,Savoie,41.0,-0.38,45.6,6.0
1849,Savoie,33.0,-0.71,45.6,6.0
1850,Savoie,45.0,-0.72,45.6,6.0
1851,Savoie,51.0,-0.34,45.6,6.0
1852,Savoie,43.0,-0.08,45.6,6.0
1853,Savoie,50.0,-1.0,45.6,6.0
1854,Savoie,35.0,-0.24,45.6,6.0
1855,Savoie,40.0,-1.43,45.6,6.0
1856,Savoie,42.0,-0.9,45.6,6.0
1857,Savoie,38.0,0.23,45.6,6.0
1858,Savoie,31.0,-0.2,45.6,6.0
1859,Savoie,34.0,0.48,45.6,6.0
1860,Savoie,46.0,-0.99,45.6,6.0
1861,Savoie,40.0,-0.24,45.6,6.0
1862,Savoie,29.0,-0.51,45.6,6.0
1863,Savoie,35.0,0.6,45.6,6.0
1864,Savoie,36.0,-1.22,45.6,6.0
1865,Savoie,21.0,-0.15,45.6,6.0
1866,Savoie,33.0,-0.08,45.6,6.0
1867,Savoie,38.0,-0.96,45.6,6.0
1868,Savoie,22.0,0.55,45.6,6.0
1869,Savoie,30.0,-0.17,45.6,6.0
1870,Savoie,22.0,-0.93,45.6,6.0
1871,Savoie,52.0,-1.47,45.6,6.0
1872,Savoie,39.0,0.52,45.6,6.0
1873,Savoie,41.0,0.06,45.6,6.0
1874,Savoie,33.0,-0.22,45.6,6.0
1875,Savoie,37.0,-1.02,45.6,6.0
1876,Savoie,47.0,-0.55,45.6,6.0
1877,Savoie,43.0,-0.56,45.6,6.0
1878,Savoie,56.0,-0.24,45.6,6.0
1879,Savoie,58.0,-1.52,45.6,6.0
1760,Southern Lorraine,36.0,-0.21,47.98,5.88
1761,Southern Lorraine,24.0,0.65,47.98,5.88
1762,Southern Lorraine,30.0,0.12,47.98,5.88
1764,Southern Lorraine,24.0,0.4,47.98,5.88
1765,Southern Lorraine,46.0,-0.03,47.98,5.88
1766,Southern Lorraine,37.0,0.24,47.98,5.88
1769,Southern Lorraine,40.0,-0.32,47.98,5.88
1770,Southern Lorraine,59.0,-0.18,47.98,5.88
1771,Southern Lorraine,44.0,-1.02,47.98,5.88
1772,Southern Lorraine,43.0,-0.26,47.98,5.88
1773,Southern Lorraine,51.0,0.83,47.98,5.88
1774,Southern Lorraine,41.0,-0.59,47.98,5.88
1775,Southern Lorraine,40.0,0.9,47.98,5.88
1776,Southern Lorraine,44.0,-0.25,47.98,5.88
1777,Southern Lorraine,50.0,-0.62,47.98,5.88
1778,Southern Lorraine,38.0,-0.1,47.98,5.88
1779,Southern Lorraine,30.0,1.08,47.98,5.88
1780,Southern Lorraine,29.0,-0.59,47.98,5.88
1781,Southern Lorraine,26.0,0.38,47.98,5.88
1782,Southern Lorraine,54.0,-1.24,47.98,5.88
1786,Southern Lorraine,41.0,-1.7,47.98,5.88
1787,Southern Lorraine,47.0,-0.31,47.98,5.88
1789,Southern Lorraine,49.0,-0.39,47.98,5.88
1790,Southern Lorraine,38.0,-0.24,47.98,5.88
1791,Southern Lorraine,26.0,0.31,47.98,5.88
1792,Southern Lorraine,46.0,-0.43,47.98,5.88
1793,Southern Lorraine,25.0,0.13,47.98,5.88
1794,Southern Lorraine,23.0,0.74,47.98,5.88
1797,Southern Lorraine,35.0,0.52,47.98,5.88
1800,Southern Lorraine,28.0,-0.47,47.98,5.88
1801,Southern Lorraine,35.0,0.19,47.98,5.88
1802,Southern Lorraine,27.9,-0.3,47.98,5.88
1803,Southern Lorraine,27.0,-0.92,47.98,5.88
1804,Southern Lorraine,25.0,-0.35,47.98,5.88
1805,Southern Lorraine,53.8,-1.38,47.98,5.88
1806,Southern Lorraine,31.8,-0.28,47.98,5.88
1807,Southern Lorraine,24.5,-0.66,47.98,5.88
1808,Southern Lorraine,27.0,-1.15,47.98,5.88
1809,Southern Lorraine,46.9,-1.32,47.98,5.88
1810,Southern Lorraine,36.8,-1.26,47.98,5.88
1811,Southern Lorraine,26.0,0.1,47.98,5.88
1812,Southern Lorraine,38.4,-1.77,47.98,5.88
1813,Southern Lorraine,40.0,-0.54,47.98,5.88
1814,Southern Lorraine,40.0,-1.66,47.98,5.88
1815,Southern Lorraine,32.0,-0.7,47.98,5.88
1816,Southern Lorraine,70.0,-1.54,47.98,5.88
1817,Southern Lorraine,57.0,-0.48,47.98,5.88
1818,Southern Lorraine,28.0,0.17,47.98,5.88
1819,Southern Lorraine,27.0,-0.01,47.98,5.88
1820,Southern Lorraine,30.4,-0.97,47.98,5.88
1821,Southern Lorraine,51.0,-0.27,47.98,5.88
1822,Southern Lorraine,3.0,0.78,47.98,5.88
1823,Southern Lorraine,35.9,-0.66,47.98,5.88
1824,Southern Lorraine,46.4,0.07,47.98,5.88
1825,Southern Lorraine,23.5,-0.07,47.98,5.88
1826,Southern Lorraine,32.0,0.51,47.98,5.88
1827,Southern Lorraine,31.0,-0.09,47.98,5.88
1828,Southern Lorraine,30.9,-0.12,47.98,5.88
1829,Southern Lorraine,47.0,-1.85,47.98,5.88
1830,Southern Lorraine,30.8,-0.6,47.98,5.88
1831,Southern Lorraine,37.8,-0.12,47.98,5.88
1832,Southern Lorraine,38.0,-0.76,47.98,5.88
1833,Southern Lorraine,30.0,-0.28,47.98,5.88
1834,Southern Lorraine,23.0,0.51,47.98,5.88
1835,Southern Lorraine,36.8,-0.55,47.98,5.88
1836,Southern Lorraine,41.0,-0.57,47.98,5.88
1837,Southern Lorraine,37.9,-0.94,47.98,5.88
1838,Southern Lorraine,43.9,-1.75,47.98,5.88
1839,Southern Lorraine,33.4,-0.69,47.98,5.88
1840,Southern Lorraine,29.4,-1.02,47.98,5.88
1841,Southern Lorraine,30.0,-0.32,47.98,5.88
1842,Southern Lorraine,16.9,-0.27,47.98,5.88
1843,Southern Lorraine,49.0,-0.19,47.98,5.88
1844,Southern Lorraine,28.4,-1.2,47.98,5.88
1845,Southern Lorraine,48.8,-1.25,47.98,5.88
1846,Southern Lorraine,20.8,0.26,47.98,5.88
1847,Southern Lorraine,38.8,-0.61,47.98,5.88
1848,Southern Lorraine,35.8,-0.38,47.98,5.88
1849,Southern Lorraine,34.8,-0.71,47.98,5.88
1850,Southern Lorraine,46.0,-0.72,47.98,5.88
1851,Southern Lorraine,51.0,-0.34,47.98,5.88
1852,Southern Lorraine,36.0,-0.08,47.98,5.88
1853,Southern Lorraine,48.8,-1.0,47.98,5.88
1854,Southern Lorraine,36.9,-0.24,47.98,5.88
1855,Southern Lorraine,38.0,-1.43,47.98,5.88
1856,Southern Lorraine,46.0,-0.9,47.98,5.88
1857,Southern Lorraine,21.0,0.23,47.98,5.88
1858,Southern Lorraine,27.0,-0.2,47.98,5.88
1859,Southern Lorraine,24.0,0.48,47.98,5.88
1860,Southern Lorraine,50.0,-0.99,47.98,5.88
1861,Southern Lorraine,30.0,-0.24,47.98,5.88
1862,Southern Lorraine,26.0,-0.51,47.98,5.88
1863,Southern Lorraine,21.0,0.6,47.98,5.88
1864,Southern Lorraine,38.0,-1.22,47.98,5.88
1865,Southern Lorraine,13.0,-0.15,47.98,5.88
1866,Southern Lorraine,37.5,-0.08,47.98,5.88
1867,Southern Lorraine,32.5,-0.96,47.98,5.88
1868,Southern Lorraine,15.5,0.55,47.98,5.88
1869,Southern Lorraine,28.5,-0.17,47.98,5.88
1870,Southern Lorraine,26.4,-0.93,47.98,5.88
1871,Southern Lorraine,44.0,-1.47,47.98,5.88
1872,Southern Lorraine,37.5,0.52,47.98,5.88
1873,Southern Lorraine,33.5,0.06,47.98,5.88
1874,Southern Lorraine,31.0,-0.22,47.98,5.88
1875,Southern Lorraine,25.0,-1.02,47.98,5.88
1876,Southern Lorraine,45.0,-0.55,47.98,5.88
1877,Southern Lorraine,41.0,-0.56,47.98,5.88
1878,Southern Lorraine,42.0,-0.24,47.98,5.88
1879,Southern Lorraine,53.8,-1.52,47.98,5.88
1655,Southern Rhone Valley,20.2,-0.13,,
1656,Southern Rhone Valley,14.4,0.0,,
1657,Southern Rhone Valley,15.0,0.18,,
1659,Southern Rhone Valley,5.1,-0.21,,
1661,Southern Rhone Valley,9.0,0.45,,
1662,Southern Rhone Valley,14.4,0.13,,
1663,Southern Rhone Valley,25.5,-0.44,,
1664,Southern Rhone Valley,15.0,-0.52,,
1666,Southern Rhone Valley,17.0,0.03,,
1667,Southern Rhone Valley,25.7,-0.65,,
1668,Southern Rhone Valley,15.5,0.07,,
1669,Southern Rhone Valley,16.5,-0.3,,
1670,Southern Rhone Valley,13.0,-0.41,,
1671,Southern Rhone Valley,17.2,-0.21,,
1672,Southern Rhone Valley,21.7,-0.69,,
1673,Southern Rhone Valley,31.2,-1.13,,
1674,Southern Rhone Valley,20.0,-1.39,,
1675,Southern Rhone Valley,41.0,-1.63,,
1676,Southern Rhone Valley,23.4,-0.67,,
1677,Southern Rhone Valley,24.9,-0.73,,
1678,Southern Rhone Valley,23.2,-1.06,,
1679,Southern Rhone Valley,26.0,-0.75,,
1680,Southern Rhone Valley,17.9,-0.62,,
1681,Southern Rhone Valley,18.1,-0.76,,
1682,Southern Rhone Valley,25.5,-0.46,,
1683,Southern Rhone Valley,22.5,-1.02,,
1684,Southern Rhone Valley,19.9,-1.56,,
1685,Southern Rhone Valley,19.7,-0.35,,
1686,Southern Rhone Valley,19.0,0.64,,
1687,Southern Rhone Valley,25.0,-0.52,,
1688,Southern Rhone Valley,31.7,-1.65,,
1689,Southern Rhone Valley,26.0,-0.95,,
1690,Southern Rhone Valley,32.1,-0.57,,
1691,Southern Rhone Valley,21.9,-1.34,,
1692,Southern Rhone Valley,29.2,-1.78,,
1693,Southern Rhone Valley,26.5,-1.04,,
1694,Southern Rhone Valley,19.4,-1.84,,
1695,Southern Rhone Valley,30.9,-2.22,,
1696,Southern Rhone Valley,25.2,-0.99,,
1697,Southern Rhone Valley,24.5,-1.46,,
1698,Southern Rhone Valley,38.0,-1.84,,
1699,Southern Rhone Valley,29.5,-0.68,,
1700,Southern Rhone Valley,30.5,-0.91,,
1701,Southern Rhone Valley,34.0,-0.76,,
1702,Southern Rhone Valley,29.5,-1.4,,
1703,Southern Rhone Valley,27.0,-1.21,,
1704,Southern Rhone Valley,22.0,-0.44,,
1705,Southern Rhone Valley,31.7,-0.76,,
1706,Southern Rhone Valley,18.0,-1.04,,
1707,Southern Rhone Valley,28.0,-1.3,,
1708,Southern Rhone Valley,28.0,-1.51,,
1709,Southern Rhone Valley,31.0,-2.13,,
1710,Southern Rhone Valley,18.5,-0.02,,
1711,Southern Rhone Valley,20.7,-0.09,,
1712,Southern Rhone Valley,18.7,-0.37,,
1713,Southern Rhone Valley,32.0,-0.87,,
1714,Southern Rhone Valley,29.7,-0.07,,
1715,Southern Rhone Valley,21.7,-0.07,,
1716,Southern Rhone Valley,33.7,-1.13,,
1717,Southern Rhone Valley,27.7,-0.47,,
1718,Southern Rhone Valley,10.7,-0.22,,
1719,Southern Rhone Valley,16.2,-0.02,,
1720,Southern Rhone Valley,32.0,-0.41,,
1721,Southern Rhone Valley,31.0,-0.6,,
1722,Southern Rhone Valley,27.6,0.79,,
1723,Southern Rhone Valley,27.6,1.46,,
1724,Southern Rhone Valley,19.5,-0.2,,
1725,Southern Rhone Valley,32.0,-0.15,,
1726,Southern Rhone Valley,30.0,-0.06,,
1727,Southern Rhone Valley,18.8,0.79,,
1728,Southern Rhone Valley,16.9,-0.31,,
1729,Southern Rhone Valley,28.5,-0.45,,
1730,Southern Rhone Valley,26.2,0.33,,
1731,Southern Rhone Valley,28.1,-0.26,,
1732,Southern Rhone Valley,29.6,-0.33,,
1733,Southern Rhone Valley,30.6,0.61,,
1734,Southern Rhone Valley,13.6,0.28,,
1735,Southern Rhone Valley,33.0,0.46,,
1736,Southern Rhone Valley,23.0,0.35,,
1737,Southern Rhone Valley,23.0,0.32,,
1738,Southern Rhone Valley,30.1,0.49,,
1739,Southern Rhone Valley,29.0,-0.79,,
1740,Southern Rhone Valley,40.7,-2.47,,
1742,Southern Rhone Valley,27.3,-1.27,,
1743,Southern Rhone Valley,35.6,0.52,,
1744,Southern Rhone Valley,35.9,-0.59,,
1745,Southern Rhone Valley,22.4,-0.78,,
1746,Southern Rhone Valley,33.0,-0.67,,
1747,Southern Rhone Valley,24.0,-0.18,,
1748,Southern Rhone Valley,29.3,-0.36,,
1749,Southern Rhone Valley,35.0,-0.13,,
1750,Southern Rhone Valley,26.5,0.31,,
1751,Southern Rhone Valley,30.0,-0.91,,
1752,Southern Rhone Valley,28.0,0.14,,
1753,Southern Rhone Valley,30.0,-0.89,,
1754,Southern Rhone Valley,29.0,-0.87,,
1755,Southern Rhone Valley,28.0,-0.83,,
1756,Southern Rhone Valley,34.0,-0.29,,
1757,Southern Rhone Valley,31.6,0.05,,
1758,Southern Rhone Valley,32.1,-0.74,,
1759,Southern Rhone Valley,31.8,0.32,,
1760,Southern Rhone Valley,29.0,-0.21,,
1761,Southern Rhone Valley,29.7,0.65,,
1762,Southern Rhone Valley,27.6,0.12,,
1763,Southern Rhone Valley,29.3,-0.15,,
1764,Southern Rhone Valley,29.5,0.4,,
1765,Southern Rhone Valley,31.0,-0.03,,
1766,Southern Rhone Valley,29.6,0.24,,
1767,Southern Rhone Valley,31.6,-0.43,,
1768,Southern Rhone Valley,29.9,-0.53,,
1769,Southern Rhone Valley,36.2,-0.32,,
1770,Southern Rhone Valley,39.3,-0.18,,
1771,Southern Rhone Valley,35.6,-1.02,,
1772,Southern Rhone Valley,27.6,-0.26,,
1773,Southern Rhone Valley,40.9,0.83,,
1774,Southern Rhone Valley,31.9,-0.59,,
1775,Southern Rhone Valley,31.0,0.9,,
1776,Southern Rhone Valley,30.9,-0.25,,
1777,Southern Rhone Valley,33.7,-0.62,,
1778,Southern Rhone Valley,27.0,-0.1,,
1779,Southern Rhone Valley,28.6,1.08,,
1780,Southern Rhone Valley,30.6,-0.59,,
1781,Southern Rhone Valley,27.0,0.38,,
1782,Southern Rhone Valley,35.0,-1.24,,
1783,Southern Rhone Valley,31.0,0.01,,
1784,Southern Rhone Valley,24.5,-1.76,,
1785,Southern Rhone Valley,36.0,-1.68,,
1786,Southern Rhone Valley,35.5,-1.7,,
1787,Southern Rhone Valley,41.5,-0.31,,
1788,Southern Rhone Valley,23.5,-1.08,,
1789,Southern Rhone Valley,37.3,-0.39,,
1790,Southern Rhone Valley,38.0,-0.24,,
1792,Southern Rhone Valley,30.8,-0.43,,
1793,Southern Rhone Valley,37.5,0.13,,
1794,Southern Rhone Valley,36.3,0.74,,
1795,Southern Rhone Valley,31.6,-0.71,,
1799,Southern Rhone Valley,26.6,-1.85,,
1800,Southern Rhone Valley,18.6,-0.47,,
1801,Southern Rhone Valley,22.6,0.19,,
1802,Southern Rhone Valley,26.6,-0.3,,
1804,Southern Rhone Valley,32.5,-0.35,,
1805,Southern Rhone Valley,43.5,-1.38,,
1806,Southern Rhone Valley,38.3,-0.28,,
1807,Southern Rhone Valley,28.0,-0.66,,
1808,Southern Rhone Valley,40.0,-1.15,,
1809,Southern Rhone Valley,48.7,-1.32,,
1810,Southern Rhone Valley,32.5,-1.26,,
1811,Southern Rhone Valley,20.5,0.1,,
1812,Southern Rhone Valley,36.6,-1.77,,
1813,Southern Rhone Valley,35.6,-0.54,,
1814,Southern Rhone Valley,41.6,-1.66,,
1815,Southern Rhone Valley,26.6,-0.7,,
1816,Southern Rhone Valley,49.4,-1.54,,
1817,Southern Rhone Valley,33.0,-0.48,,
1818,Southern Rhone Valley,32.6,0.17,,
1819,Southern Rhone Valley,29.5,-0.01,,
1820,Southern Rhone Valley,25.3,-0.97,,
1821,Southern Rhone Valley,39.0,-0.27,,
1822,Southern Rhone Valley,12.0,0.78,,
1823,Southern Rhone Valley,34.3,-0.66,,
1824,Southern Rhone Valley,43.1,0.07,,
1825,Southern Rhone Valley,26.5,-0.07,,
1826,Southern Rhone Valley,31.8,0.51,,
1827,Southern Rhone Valley,27.1,-0.09,,
1828,Southern Rhone Valley,21.1,-0.12,,
1829,Southern Rhone Valley,37.1,-1.85,,
1830,Southern Rhone Valley,25.3,-0.6,,
1831,Southern Rhone Valley,25.1,-0.12,,
1832,Southern Rhone Valley,34.6,-0.76,,
1833,Southern Rhone Valley,25.9,-0.28,,
1834,Southern Rhone Valley,26.0,0.51,,
1835,Southern Rhone Valley,38.6,-0.55,,
1836,Southern Rhone Valley,32.7,-0.57,,
1837,Southern Rhone Valley,34.3,-0.94,,
1838,Southern Rhone Valley,37.4,-1.75,,
1839,Southern Rhone Valley,34.1,-0.69,,
1840,Southern Rhone Valley,31.4,-1.02,,
1841,Southern Rhone Valley,27.1,-0.32,,
1842,Southern Rhone Valley,28.3,-0.27,,
1843,Southern Rhone Valley,39.8,-0.19,,
1844,Southern Rhone Valley,28.2,-1.2,,
1845,Southern Rhone Valley,37.1,-1.25,,
1846,Southern Rhone Valley,22.6,0.26,,
1847,Southern Rhone Valley,26.8,-0.61,,
1848,Southern Rhone Valley,27.1,-0.38,,
1849,Southern Rhone Valley,29.0,-0.71,,
1850,Southern Rhone Valley,34.0,-0.72,,
1851,Southern Rhone Valley,38.1,-0.34,,
1852,Southern Rhone Valley,34.5,-0.08,,
1853,Southern Rhone Valley,39.4,-1.0,,
1854,Southern Rhone Valley,25.5,-0.24,,
1855,Southern Rhone Valley,29.1,-1.43,,
1856,Southern Rhone Valley,35.0,-0.9,,
1857,Southern Rhone Valley,32.1,0.23,,
1858,Southern Rhone Valley,24.4,-0.2,,
1859,Southern Rhone Valley,23.9,0.48,,
1860,Southern Rhone Valley,34.4,-0.99,,
1861,Southern Rhone Valley,28.7,-0.24,,
1862,Southern Rhone Valley,22.5,-0.51,,
1863,Southern Rhone Valley,22.5,0.6,,
1864,Southern Rhone Valley,20.1,-1.22,,
1865,Southern Rhone Valley,21.6,-0.15,,
1866,Southern Rhone Valley,29.1,-0.08,,
1867,Southern Rhone Valley,20.1,-0.96,,
1868,Southern Rhone Valley,17.1,0.55,,
1869,Southern Rhone Valley,17.3,-0.17,,
1870,Southern Rhone Valley,17.1,-0.93,,
1871,Southern Rhone Valley,20.1,-1.47,,
1872,Southern Rhone Valley,22.1,0.52,,
1873,Southern Rhone Valley,22.1,0.06,,
1874,Southern Rhone Valley,20.1,-0.22,,
1875,Southern Rhone Valley,18.1,-1.02,,
1876,Southern Rhone Valley,21.1,-0.55,,
1877,Southern Rhone Valley,19.1,-0.56,,
1878,Southern Rhone Valley,19.1,-0.24,,
1879,Southern Rhone Valley,22.1,-1.52,,
1880,Southern Rhone Valley,30.1,-0.26,,
1881,Southern Rhone Valley,19.4,-1.06,,
1882,Southern Rhone Valley,33.4,-0.07,,
1883,Southern Rhone Valley,35.6,-0.61,,
1884,Southern Rhone Valley,30.1,-0.22,,
1885,Southern Rhone Valley,38.9,-0.73,,
1886,Southern Rhone Valley,29.3,-0.44,,
1887,Southern Rhone Valley,26.2,-0.93,,
1888,Southern Rhone Valley,35.7,-1.59,,
1889,Southern Rhone Valley,27.6,-0.87,,
1890,Southern Rhone Valley,47.6,-0.69,,
1891,Southern Rhone Valley,36.4,-0.78,,
1892,Southern Rhone Valley,32.7,-0.9,,
1893,Southern Rhone Valley,29.6,-0.5,,
1894,Southern Rhone Valley,35.6,-0.07,,
1895,Southern Rhone Valley,32.8,-0.74,,
1896,Southern Rhone Valley,33.8,-0.49,,
1897,Southern Rhone Valley,32.6,-0.08,,
1898,Southern Rhone Valley,30.7,0.2,,
1899,Southern Rhone Valley,31.0,-0.14,,
1900,Southern Rhone Valley,36.6,-0.08,,
1901,Southern Rhone Valley,36.4,-0.53,,
1902,Southern Rhone Valley,43.0,-1.11,,
1903,Southern Rhone Valley,46.0,-0.1,,
1904,Southern Rhone Valley,24.6,-0.16,,
1905,Southern Rhone Valley,26.6,-0.35,,
1906,Southern Rhone Valley,30.6,-0.01,,
1907,Southern Rhone Valley,38.3,-0.58,,
1908,Southern Rhone Valley,30.9,-0.7,,
1909,Southern Rhone Valley,31.3,-1.07,,
1910,Southern Rhone Valley,28.3,-0.14,,
1911,Southern Rhone Valley,13.3,0.38,,
1912,Southern Rhone Valley,29.9,-0.54,,
1915,Southern Rhone Valley,23.3,-0.78,,
1916,Southern Rhone Valley,38.3,-0.2,,
1917,Southern Rhone Valley,23.4,-0.95,,
1918,Southern Rhone Valley,29.3,-0.14,,
1919,Southern Rhone Valley,20.9,-0.99,,
1920,Southern Rhone Valley,18.6,0.39,,
1921,Southern Rhone Valley,12.8,0.6,,
1922,Southern Rhone Valley,12.4,-0.93,,
1923,Southern Rhone Valley,29.5,-0.49,,
1924,Southern Rhone Valley,18.8,-0.52,,
1925,Southern Rhone Valley,21.3,-0.31,,
1926,Southern Rhone Valley,21.3,0.07,,
1927,Southern Rhone Valley,19.6,-0.28,,
1928,Southern Rhone Valley,24.3,-0.04,,
1929,Southern Rhone Valley,27.3,-0.67,,
1930,Southern Rhone Valley,24.3,0.4,,
1932,Southern Rhone Valley,36.5,0.02,,
1940,Southern Rhone Valley,23.5,-1.24,,
1941,Southern Rhone Valley,24.3,-1.03,,
1942,Southern Rhone Valley,5.5,-0.8,,
1943,Southern Rhone Valley,10.0,0.65,,
1944,Southern Rhone Valley,15.6,0.01,,
1945,Southern Rhone Valley,26.9,0.56,,
1946,Southern Rhone Valley,31.9,-0.03,,
1947,Southern Rhone Valley,26.9,0.32,,
1948,Southern Rhone Valley,28.9,0.58,,
1949,Southern Rhone Valley,20.9,0.88,,
1950,Southern Rhone Valley,26.9,0.31,,
1951,Southern Rhone Valley,39.4,0.09,,
1952,Southern Rhone Valley,27.9,-0.18,,
1953,Southern Rhone Valley,29.4,0.31,,
1954,Southern Rhone Valley,33.4,-0.48,,
1955,Southern Rhone Valley,26.9,-0.22,,
1956,Southern Rhone Valley,35.9,-1.19,,
1957,Southern Rhone Valley,25.9,0.17,,
1958,Southern Rhone Valley,26.9,-0.14,,
1959,Southern Rhone Valley,26.9,0.54,,
1960,Southern Rhone Valley,20.9,-0.02,,
1961,Southern Rhone Valley,11.9,0.67,,
1962,Southern Rhone Valley,28.9,-0.67,,
1963,Southern Rhone Valley,22.9,-0.81,,
1964,Southern Rhone Valley,16.0,-0.08,,
1965,Southern Rhone Valley,23.9,-0.69,,
1966,Southern Rhone Valley,20.0,-0.04,,
1967,Southern Rhone Valley,25.9,0.22,,
1968,Southern Rhone Valley,24.9,-0.2,,
1969,Southern Rhone Valley,22.9,-0.38,,
1970,Southern Rhone Valley,22.9,-0.32,,
1971,Southern Rhone Valley,25.0,-0.08,,
1972,Southern Rhone Valley,25.9,-0.25,,
1973,Southern Rhone Valley,21.9,-0.01,,
1974,Southern Rhone Valley,27.9,0.14,,
1975,Southern Rhone Valley,26.9,0.39,,
1976,Southern Rhone Valley,17.9,-0.08,,
1977,Southern Rhone Valley,27.9,0.07,,
1978,Southern Rhone Valley,25.9,-0.46,,
1979,Southern Rhone Valley,15.9,-0.28,,
1980,Southern Rhone Valley,26.9,-0.46,,
1981,Southern Rhone Valley,17.9,-0.05,,
1982,Southern Rhone Valley,17.4,0.51,,
1983,Southern Rhone Valley,24.5,0.64,,
1984,Southern Rhone Valley,25.9,-0.1,,
1985,Southern Rhone Valley,21.9,-0.43,,
1986,Southern Rhone Valley,17.0,-0.1,,
1987,Southern Rhone Valley,22.9,-0.26,,
1988,Southern Rhone Valley,16.0,0.67,,
1989,Southern Rhone Valley,12.9,1.18,,
1990,Southern Rhone Valley,13.9,1.22,,
1991,Southern Rhone Valley,20.9,0.21,,
1992,Southern Rhone Valley,14.9,0.89,,
1993,Southern Rhone Valley,13.9,0.26,,
1994,Southern Rhone Valley,9.0,1.32,,
1995,Southern Rhone Valley,15.9,0.87,,
1996,Southern Rhone Valley,20.9,-0.22,,
1997,Southern Rhone Valley,13.9,0.98,,
1998,Southern Rhone Valley,8.9,0.76,,
1999,Southern Rhone Valley,11.9,1.09,,
2000,Southern Rhone Valley,8.9,1.21,,
2001,Southern Rhone Valley,7.9,0.95,,
2002,Southern Rhone Valley,10.9,1.22,,
2003,Southern Rhone Valley,0.0,1.28,,
2004,Southern Rhone Valley,12.9,0.79,,
2005,Southern Rhone Valley,9.9,0.75,,
2006,Southern Rhone Valley,9.5,1.29,,
1655,Spain,38.0,-0.13,42.34,-3.3
1656,Spain,41.0,0.0,42.34,-3.3
1657,Spain,35.0,0.18,42.34,-3.3
1658,Spain,48.0,-0.14,42.34,-3.3
1659,Spain,38.0,-0.21,42.34,-3.3
1660,Spain,34.0,-0.05,42.34,-3.3
1661,Spain,42.0,0.45,42.34,-3.3
1662,Spain,39.0,0.13,42.34,-3.3
1663,Spain,45.0,-0.44,42.34,-3.3
1664,Spain,35.0,-0.52,42.34,-3.3
1669,Spain,33.0,-0.3,42.34,-3.3
1670,Spain,41.0,-0.41,42.34,-3.3
1671,Spain,36.0,-0.21,42.34,-3.3
1672,Spain,33.0,-0.69,42.34,-3.3
1673,Spain,44.0,-1.13,42.34,-3.3
1674,Spain,40.0,-1.39,42.34,-3.3
1675,Spain,56.0,-1.63,42.34,-3.3
1676,Spain,35.0,-0.67,42.34,-3.3
1677,Spain,38.0,-0.73,42.34,-3.3
1678,Spain,54.0,-1.06,42.34,-3.3
1679,Spain,43.0,-0.75,42.34,-3.3
1680,Spain,46.0,-0.62,42.34,-3.3
1681,Spain,37.0,-0.76,42.34,-3.3
1682,Spain,44.0,-0.46,42.34,-3.3
1683,Spain,37.0,-1.02,42.34,-3.3
1684,Spain,45.0,-1.56,42.34,-3.3
1685,Spain,40.0,-0.35,42.34,-3.3
1686,Spain,35.0,0.64,42.34,-3.3
1687,Spain,40.0,-0.52,42.34,-3.3
1688,Spain,51.0,-1.65,42.34,-3.3
1689,Spain,36.0,-0.95,42.34,-3.3
1690,Spain,52.0,-0.57,42.34,-3.3
1691,Spain,38.0,-1.34,42.34,-3.3
1692,Spain,44.0,-1.78,42.34,-3.3
1693,Spain,57.0,-1.04,42.34,-3.3
1694,Spain,43.0,-1.84,42.34,-3.3
1695,Spain,51.0,-2.22,42.34,-3.3
1696,Spain,41.0,-0.99,42.34,-3.3
1697,Spain,55.0,-1.46,42.34,-3.3
1698,Spain,52.0,-1.84,42.34,-3.3
1699,Spain,34.0,-0.68,42.34,-3.3
1700,Spain,49.0,-0.91,42.34,-3.3
1701,Spain,54.0,-0.76,42.34,-3.3
1702,Spain,48.0,-1.4,42.34,-3.3
1703,Spain,41.0,-1.21,42.34,-3.3
1711,Spain,43.0,-0.09,42.34,-3.3
1712,Spain,44.0,-0.37,42.34,-3.3
1713,Spain,52.0,-0.87,42.34,-3.3
1714,Spain,58.0,-0.07,42.34,-3.3
1716,Spain,36.0,-1.13,42.34,-3.3
1717,Spain,37.0,-0.47,42.34,-3.3
1718,Spain,23.0,-0.22,42.34,-3.3
1719,Spain,30.0,-0.02,42.34,-3.3
1720,Spain,45.0,-0.41,42.34,-3.3
1721,Spain,45.0,-0.6,42.34,-3.3
1722,Spain,36.0,0.79,42.34,-3.3
1723,Spain,34.0,1.46,42.34,-3.3
1724,Spain,29.0,-0.2,42.34,-3.3
1725,Spain,49.0,-0.15,42.34,-3.3
1726,Spain,41.0,-0.06,42.34,-3.3
1727,Spain,41.0,0.79,42.34,-3.3
1728,Spain,41.0,-0.31,42.34,-3.3
1729,Spain,44.0,-0.45,42.34,-3.3
1730,Spain,44.0,0.33,42.34,-3.3
1731,Spain,43.0,-0.26,42.34,-3.3
1732,Spain,52.0,-0.33,42.34,-3.3
1733,Spain,43.0,0.61,42.34,-3.3
1734,Spain,33.0,0.28,42.34,-3.3
1735,Spain,53.0,0.46,42.34,-3.3
1736,Spain,43.0,0.35,42.34,-3.3
1737,Spain,51.0,0.32,42.34,-3.3
1738,Spain,42.0,0.49,42.34,-3.3
1739,Spain,55.0,-0.79,42.34,-3.3
1741,Spain,33.0,-0.19,42.34,-3.3
1743,Spain,49.0,0.52,42.34,-3.3
1745,Spain,38.0,-0.78,42.34,-3.3
1746,Spain,48.0,-0.67,42.34,-3.3
1747,Spain,59.0,-0.18,42.34,-3.3
1748,Spain,40.0,-0.36,42.34,-3.3
1749,Spain,47.0,-0.13,42.34,-3.3
1750,Spain,44.0,0.31,42.34,-3.3
1751,Spain,44.0,-0.91,42.34,-3.3
1752,Spain,37.0,0.14,42.34,-3.3
1753,Spain,33.0,-0.89,42.34,-3.3
1754,Spain,40.0,-0.87,42.34,-3.3
1755,Spain,45.0,-0.83,42.34,-3.3
1756,Spain,54.0,-0.29,42.34,-3.3
1757,Spain,43.0,0.05,42.34,-3.3
1758,Spain,49.0,-0.74,42.34,-3.3
1760,Spain,48.0,-0.21,42.34,-3.3
1761,Spain,42.0,0.65,42.34,-3.3
1762,Spain,35.0,0.12,42.34,-3.3
1763,Spain,48.0,-0.15,42.34,-3.3
1764,Spain,29.0,0.4,42.34,-3.3
1765,Spain,44.0,-0.03,42.34,-3.3
1766,Spain,42.0,0.24,42.34,-3.3
1767,Spain,35.0,-0.43,42.34,-3.3
1768,Spain,38.0,-0.53,42.34,-3.3
1769,Spain,36.0,-0.32,42.34,-3.3
1770,Spain,50.0,-0.18,42.34,-3.3
1771,Spain,42.0,-1.02,42.34,-3.3
1773,Spain,40.0,0.83,42.34,-3.3
1774,Spain,46.0,-0.59,42.34,-3.3
1775,Spain,42.0,0.9,42.34,-3.3
1779,Spain,41.0,1.08,42.34,-3.3
1782,Spain,46.0,-1.24,42.34,-3.3
1783,Spain,45.0,0.01,42.34,-3.3
1784,Spain,42.0,-1.76,42.34,-3.3
1786,Spain,41.0,-1.7,42.34,-3.3
1787,Spain,46.0,-0.31,42.34,-3.3
1788,Spain,35.0,-1.08,42.34,-3.3
1789,Spain,43.0,-0.39,42.34,-3.3
1790,Spain,43.0,-0.24,42.34,-3.3
1791,Spain,43.0,0.31,42.34,-3.3
1792,Spain,39.0,-0.43,42.34,-3.3
1793,Spain,38.0,0.13,42.34,-3.3
1794,Spain,45.0,0.74,42.34,-3.3
1795,Spain,43.0,-0.71,42.34,-3.3
1796,Spain,41.0,0.02,42.34,-3.3
1797,Spain,44.0,0.52,42.34,-3.3
1798,Spain,39.0,0.16,42.34,-3.3
1799,Spain,44.0,-1.85,42.34,-3.3
1893,Spain,28.0,-0.5,42.34,-3.3
1894,Spain,39.0,-0.07,42.34,-3.3
1895,Spain,38.0,-0.74,42.34,-3.3
1896,Spain,42.0,-0.49,42.34,-3.3
1897,Spain,27.0,-0.08,42.34,-3.3
1898,Spain,42.0,0.2,42.34,-3.3
1899,Spain,25.0,-0.14,42.34,-3.3
1900,Spain,32.0,-0.08,42.34,-3.3
1901,Spain,34.0,-0.53,42.34,-3.3
1903,Spain,40.0,-0.1,42.34,-3.3
1904,Spain,26.0,-0.16,42.34,-3.3
1905,Spain,48.0,-0.35,42.34,-3.3
1906,Spain,40.0,-0.01,42.34,-3.3
1907,Spain,34.0,-0.58,42.34,-3.3
1908,Spain,49.0,-0.7,42.34,-3.3
1909,Spain,48.0,-1.07,42.34,-3.3
1910,Spain,55.0,-0.14,42.34,-3.3
1911,Spain,41.0,0.38,42.34,-3.3
1912,Spain,44.0,-0.54,42.34,-3.3
1913,Spain,45.0,0.06,42.34,-3.3
1914,Spain,45.0,0.08,42.34,-3.3
1915,Spain,42.0,-0.78,42.34,-3.3
1916,Spain,46.0,-0.2,42.34,-3.3
1921,Spain,37.0,0.6,42.34,-3.3
1922,Spain,41.0,-0.93,42.34,-3.3
1924,Spain,31.0,-0.52,42.34,-3.3
1925,Spain,59.0,-0.31,42.34,-3.3
1926,Spain,58.0,0.07,42.34,-3.3
1927,Spain,40.0,-0.28,42.34,-3.3
1928,Spain,38.0,-0.04,42.34,-3.3
1929,Spain,33.0,-0.67,42.34,-3.3
1930,Spain,42.0,0.4,42.34,-3.3
1931,Spain,42.0,-0.67,42.34,-3.3
1932,Spain,42.0,0.02,42.34,-3.3
1933,Spain,42.0,-0.41,42.34,-3.3
1934,Spain,42.0,0.92,42.34,-3.3
1935,Spain,42.0,0.02,42.34,-3.3
1936,Spain,42.0,0.1,42.34,-3.3
1937,Spain,42.0,0.28,42.34,-3.3
1938,Spain,42.0,0.45,42.34,-3.3
1939,Spain,42.0,-0.01,42.34,-3.3
1940,Spain,40.0,-1.24,42.34,-3.3
1941,Spain,57.0,-1.03,42.34,-3.3
1942,Spain,33.0,-0.8,42.34,-3.3
1943,Spain,34.0,0.65,42.34,-3.3
1944,Spain,46.0,0.01,42.34,-3.3
1945,Spain,45.0,0.56,42.34,-3.3
1946,Spain,44.0,-0.03,42.34,-3.3
1947,Spain,36.0,0.32,42.34,-3.3
1948,Spain,43.0,0.58,42.34,-3.3
1949,Spain,29.0,0.88,42.34,-3.3
1950,Spain,34.0,0.31,42.34,-3.3
1951,Spain,47.0,0.09,42.34,-3.3
1952,Spain,43.0,-0.18,42.34,-3.3
1953,Spain,43.0,0.31,42.34,-3.3
1954,Spain,50.0,-0.48,42.34,-3.3
1955,Spain,36.0,-0.22,42.34,-3.3
1956,Spain,52.0,-1.19,42.34,-3.3
1957,Spain,46.0,0.17,42.34,-3.3
1958,Spain,43.0,-0.14,42.34,-3.3
1959,Spain,40.0,0.54,42.34,-3.3
1960,Spain,40.0,-0.02,42.34,-3.3
1961,Spain,33.0,0.67,42.34,-3.3
1962,Spain,45.0,-0.67,42.34,-3.3
1963,Spain,52.0,-0.81,42.34,-3.3
1964,Spain,32.0,-0.08,42.34,-3.3
1965,Spain,44.0,-0.69,42.34,-3.3
1966,Spain,43.0,-0.04,42.34,-3.3
1967,Spain,48.0,0.22,42.34,-3.3
1968,Spain,48.0,-0.2,42.34,-3.3
1969,Spain,47.0,-0.38,42.34,-3.3
1970,Spain,44.0,-0.32,42.34,-3.3
1971,Spain,59.5,-0.08,42.34,-3.3
1972,Spain,58.5,-0.25,42.34,-3.3
1973,Spain,45.5,-0.01,42.34,-3.3
1974,Spain,57.5,0.14,42.34,-3.3
1975,Spain,55.0,0.39,42.34,-3.3
1976,Spain,39.0,-0.08,42.34,-3.3
1977,Spain,64.0,0.07,42.34,-3.3
1978,Spain,60.5,-0.46,42.34,-3.3
1979,Spain,45.5,-0.28,42.34,-3.3
1980,Spain,58.0,-0.46,42.34,-3.3
1981,Spain,43.0,-0.05,42.34,-3.3
1982,Spain,39.5,0.51,42.34,-3.3
1983,Spain,36.5,0.64,42.34,-3.3
1984,Spain,40.5,-0.1,42.34,-3.3
1985,Spain,46.5,-0.43,42.34,-3.3
1986,Spain,41.0,-0.1,42.34,-3.3
1987,Spain,46.5,-0.26,42.34,-3.3
1988,Spain,33.0,0.67,42.34,-3.3
1989,Spain,32.5,1.18,42.34,-3.3
1990,Spain,31.5,1.22,42.34,-3.3
1991,Spain,43.0,0.21,42.34,-3.3
1992,Spain,44.5,0.89,42.34,-3.3
1993,Spain,34.0,0.26,42.34,-3.3
1994,Spain,22.5,1.32,42.34,-3.3
1995,Spain,36.0,0.87,42.34,-3.3
1996,Spain,37.5,-0.22,42.34,-3.3
1997,Spain,28.5,0.98,42.34,-3.3
1998,Spain,45.0,0.76,42.34,-3.3
1999,Spain,38.5,1.09,42.34,-3.3
2000,Spain,33.5,1.21,42.34,-3.3
2001,Spain,41.5,0.95,42.34,-3.3
2002,Spain,35.0,1.22,42.34,-3.3
2003,Spain,27.0,1.28,42.34,-3.3
2004,Spain,37.5,0.79,42.34,-3.3
2005,Spain,30.0,0.75,42.34,-3.3
2006,Spain,28.5,1.29,42.34,-3.3
2007,Spain,33.0,1.39,42.34,-3.3
1655,Switzerland Leman Lake,38.8,-0.13,,
1656,Switzerland Leman Lake,38.4,0.0,,
1657,Switzerland Leman Lake,33.8,0.18,,
1658,Switzerland Leman Lake,44.0,-0.14,,
1659,Switzerland Leman Lake,26.0,-0.21,,
1660,Switzerland Leman Lake,26.2,-0.05,,
1661,Switzerland Leman Lake,38.2,0.45,,
1662,Switzerland Leman Lake,45.5,0.13,,
1663,Switzerland Leman Lake,50.2,-0.44,,
1664,Switzerland Leman Lake,37.0,-0.52,,
1665,Switzerland Leman Lake,34.3,-0.73,,
1666,Switzerland Leman Lake,36.8,0.03,,
1667,Switzerland Leman Lake,51.4,-0.65,,
1668,Switzerland Leman Lake,34.6,0.07,,
1669,Switzerland Leman Lake,37.8,-0.3,,
1670,Switzerland Leman Lake,42.4,-0.41,,
1671,Switzerland Leman Lake,38.7,-0.21,,
1672,Switzerland Leman Lake,39.8,-0.69,,
1673,Switzerland Leman Lake,56.6,-1.13,,
1674,Switzerland Leman Lake,47.8,-1.39,,
1675,Switzerland Leman Lake,64.2,-1.63,,
1676,Switzerland Leman Lake,28.3,-0.67,,
1677,Switzerland Leman Lake,47.8,-0.73,,
1678,Switzerland Leman Lake,36.9,-1.06,,
1679,Switzerland Leman Lake,34.3,-0.75,,
1680,Switzerland Leman Lake,40.8,-0.62,,
1681,Switzerland Leman Lake,38.8,-0.76,,
1682,Switzerland Leman Lake,57.6,-0.46,,
1683,Switzerland Leman Lake,41.5,-1.02,,
1684,Switzerland Leman Lake,27.8,-1.56,,
1685,Switzerland Leman Lake,45.0,-0.35,,
1686,Switzerland Leman Lake,33.5,0.64,,
1687,Switzerland Leman Lake,41.6,-0.52,,
1688,Switzerland Leman Lake,45.7,-1.65,,
1689,Switzerland Leman Lake,50.6,-0.95,,
1690,Switzerland Leman Lake,46.7,-0.57,,
1691,Switzerland Leman Lake,42.1,-1.34,,
1692,Switzerland Leman Lake,66.2,-1.78,,
1693,Switzerland Leman Lake,42.3,-1.04,,
1694,Switzerland Leman Lake,41.0,-1.84,,
1695,Switzerland Leman Lake,60.9,-2.22,,
1696,Switzerland Leman Lake,47.3,-0.99,,
1697,Switzerland Leman Lake,45.1,-1.46,,
1698,Switzerland Leman Lake,67.6,-1.84,,
1699,Switzerland Leman Lake,47.4,-0.68,,
1700,Switzerland Leman Lake,58.0,-0.91,,
1701,Switzerland Leman Lake,50.3,-0.76,,
1702,Switzerland Leman Lake,57.0,-1.4,,
1703,Switzerland Leman Lake,57.4,-1.21,,
1704,Switzerland Leman Lake,34.2,-0.44,,
1705,Switzerland Leman Lake,55.1,-0.76,,
1706,Switzerland Leman Lake,37.6,-1.04,,
1707,Switzerland Leman Lake,50.1,-1.3,,
1708,Switzerland Leman Lake,45.4,-1.51,,
1709,Switzerland Leman Lake,48.0,-2.13,,
1710,Switzerland Leman Lake,43.1,-0.02,,
1711,Switzerland Leman Lake,56.0,-0.09,,
1712,Switzerland Leman Lake,47.6,-0.37,,
1713,Switzerland Leman Lake,59.8,-0.87,,
1714,Switzerland Leman Lake,57.8,-0.07,,
1715,Switzerland Leman Lake,44.1,-0.07,,
1716,Switzerland Leman Lake,62.0,-1.13,,
1717,Switzerland Leman Lake,51.0,-0.47,,
1718,Switzerland Leman Lake,36.4,-0.22,,
1719,Switzerland Leman Lake,49.0,-0.02,,
1720,Switzerland Leman Lake,56.5,-0.41,,
1721,Switzerland Leman Lake,60.7,-0.6,,
1722,Switzerland Leman Lake,45.2,0.79,,
1723,Switzerland Leman Lake,46.0,1.46,,
1724,Switzerland Leman Lake,47.8,-0.2,,
1725,Switzerland Leman Lake,64.8,-0.15,,
1726,Switzerland Leman Lake,32.0,-0.06,,
1727,Switzerland Leman Lake,47.0,0.79,,
1728,Switzerland Leman Lake,46.8,-0.31,,
1729,Switzerland Leman Lake,46.3,-0.45,,
1730,Switzerland Leman Lake,55.4,0.33,,
1731,Switzerland Leman Lake,52.8,-0.26,,
1732,Switzerland Leman Lake,50.3,-0.33,,
1733,Switzerland Leman Lake,50.6,0.61,,
1734,Switzerland Leman Lake,47.3,0.28,,
1735,Switzerland Leman Lake,54.6,0.46,,
1736,Switzerland Leman Lake,49.6,0.35,,
1737,Switzerland Leman Lake,45.7,0.32,,
1738,Switzerland Leman Lake,44.0,0.49,,
1739,Switzerland Leman Lake,46.2,-0.79,,
1740,Switzerland Leman Lake,65.2,-2.47,,
1741,Switzerland Leman Lake,51.3,-0.19,,
1742,Switzerland Leman Lake,61.5,-1.27,,
1743,Switzerland Leman Lake,61.6,0.52,,
1744,Switzerland Leman Lake,51.2,-0.59,,
1745,Switzerland Leman Lake,55.5,-0.78,,
1746,Switzerland Leman Lake,45.8,-0.67,,
1747,Switzerland Leman Lake,45.3,-0.18,,
1748,Switzerland Leman Lake,52.0,-0.36,,
1749,Switzerland Leman Lake,49.7,-0.13,,
1750,Switzerland Leman Lake,49.0,0.31,,
1751,Switzerland Leman Lake,58.6,-0.91,,
1752,Switzerland Leman Lake,55.4,0.14,,
1753,Switzerland Leman Lake,49.0,-0.89,,
1754,Switzerland Leman Lake,52.2,-0.87,,
1755,Switzerland Leman Lake,51.1,-0.83,,
1756,Switzerland Leman Lake,58.2,-0.29,,
1757,Switzerland Leman Lake,52.8,0.05,,
1758,Switzerland Leman Lake,55.6,-0.74,,
1759,Switzerland Leman Lake,38.6,0.32,,
1760,Switzerland Leman Lake,38.6,-0.21,,
1761,Switzerland Leman Lake,39.6,0.65,,
1762,Switzerland Leman Lake,38.0,0.12,,
1763,Switzerland Leman Lake,56.2,-0.15,,
1764,Switzerland Leman Lake,48.0,0.4,,
1765,Switzerland Leman Lake,53.5,-0.03,,
1766,Switzerland Leman Lake,47.6,0.24,,
1767,Switzerland Leman Lake,58.0,-0.43,,
1768,Switzerland Leman Lake,51.3,-0.53,,
1769,Switzerland Leman Lake,52.7,-0.32,,
1770,Switzerland Leman Lake,58.0,-0.18,,
1771,Switzerland Leman Lake,44.6,-1.02,,
1772,Switzerland Leman Lake,45.7,-0.26,,
1773,Switzerland Leman Lake,59.0,0.83,,
1774,Switzerland Leman Lake,41.6,-0.59,,
1775,Switzerland Leman Lake,50.6,0.9,,
1776,Switzerland Leman Lake,47.0,-0.25,,
1777,Switzerland Leman Lake,50.8,-0.62,,
1778,Switzerland Leman Lake,40.3,-0.1,,
1779,Switzerland Leman Lake,42.9,1.08,,
1780,Switzerland Leman Lake,33.9,-0.59,,
1781,Switzerland Leman Lake,31.3,0.38,,
1782,Switzerland Leman Lake,48.0,-1.24,,
1783,Switzerland Leman Lake,41.3,0.01,,
1784,Switzerland Leman Lake,38.2,-1.76,,
1785,Switzerland Leman Lake,53.6,-1.68,,
1786,Switzerland Leman Lake,49.3,-1.7,,
1787,Switzerland Leman Lake,50.8,-0.31,,
1788,Switzerland Leman Lake,32.6,-1.08,,
1789,Switzerland Leman Lake,52.3,-0.39,,
1790,Switzerland Leman Lake,48.6,-0.24,,
1791,Switzerland Leman Lake,37.0,0.31,,
1792,Switzerland Leman Lake,42.6,-0.43,,
1793,Switzerland Leman Lake,32.8,0.13,,
1794,Switzerland Leman Lake,29.7,0.74,,
1795,Switzerland Leman Lake,35.3,-0.71,,
1796,Switzerland Leman Lake,47.6,0.02,,
1797,Switzerland Leman Lake,36.0,0.52,,
1798,Switzerland Leman Lake,36.1,0.16,,
1799,Switzerland Leman Lake,58.0,-1.85,,
1800,Switzerland Leman Lake,32.8,-0.47,,
1801,Switzerland Leman Lake,34.6,0.19,,
1802,Switzerland Leman Lake,31.9,-0.3,,
1803,Switzerland Leman Lake,44.5,-0.92,,
1804,Switzerland Leman Lake,40.3,-0.35,,
1805,Switzerland Leman Lake,55.1,-1.38,,
1806,Switzerland Leman Lake,41.6,-0.28,,
1807,Switzerland Leman Lake,29.7,-0.66,,
1808,Switzerland Leman Lake,42.2,-1.15,,
1809,Switzerland Leman Lake,60.0,-1.32,,
1810,Switzerland Leman Lake,46.5,-1.26,,
1811,Switzerland Leman Lake,32.4,0.1,,
1812,Switzerland Leman Lake,53.9,-1.77,,
1813,Switzerland Leman Lake,55.6,-0.54,,
1814,Switzerland Leman Lake,54.8,-1.66,,
1815,Switzerland Leman Lake,40.5,-0.7,,
1816,Switzerland Leman Lake,71.2,-1.54,,
1817,Switzerland Leman Lake,49.5,-0.48,,
1818,Switzerland Leman Lake,39.5,0.17,,
1819,Switzerland Leman Lake,42.8,-0.01,,
1820,Switzerland Leman Lake,47.7,-0.97,,
1821,Switzerland Leman Lake,60.2,-0.27,,
1822,Switzerland Leman Lake,15.7,0.78,,
1823,Switzerland Leman Lake,52.1,-0.66,,
1824,Switzerland Leman Lake,46.7,0.07,,
1825,Switzerland Leman Lake,39.0,-0.07,,
1826,Switzerland Leman Lake,40.0,0.51,,
1827,Switzerland Leman Lake,40.7,-0.09,,
1828,Switzerland Leman Lake,37.7,-0.12,,
1829,Switzerland Leman Lake,50.5,-1.85,,
1830,Switzerland Leman Lake,43.1,-0.6,,
1831,Switzerland Leman Lake,45.1,-0.12,,
1832,Switzerland Leman Lake,47.4,-0.76,,
1833,Switzerland Leman Lake,41.0,-0.28,,
1834,Switzerland Leman Lake,28.3,0.51,,
1835,Switzerland Leman Lake,46.0,-0.55,,
1836,Switzerland Leman Lake,46.2,-0.57,,
1837,Switzerland Leman Lake,49.0,-0.94,,
1838,Switzerland Leman Lake,49.3,-1.75,,
1839,Switzerland Leman Lake,40.8,-0.69,,
1840,Switzerland Leman Lake,40.5,-1.02,,
1841,Switzerland Leman Lake,37.5,-0.32,,
1842,Switzerland Leman Lake,31.9,-0.27,,
1843,Switzerland Leman Lake,53.6,-0.19,,
1844,Switzerland Leman Lake,40.2,-1.2,,
1845,Switzerland Leman Lake,50.1,-1.25,,
1846,Switzerland Leman Lake,29.5,0.26,,
1847,Switzerland Leman Lake,43.0,-0.61,,
1848,Switzerland Leman Lake,40.3,-0.38,,
1849,Switzerland Leman Lake,38.2,-0.71,,
1850,Switzerland Leman Lake,49.5,-0.72,,
1851,Switzerland Leman Lake,52.0,-0.34,,
1852,Switzerland Leman Lake,40.3,-0.08,,
1853,Switzerland Leman Lake,51.5,-1.0,,
1854,Switzerland Leman Lake,41.0,-0.24,,
1855,Switzerland Leman Lake,47.7,-1.43,,
1856,Switzerland Leman Lake,47.3,-0.9,,
1857,Switzerland Leman Lake,39.2,0.23,,
1858,Switzerland Leman Lake,36.0,-0.2,,
1859,Switzerland Leman Lake,35.7,0.48,,
1860,Switzerland Leman Lake,52.3,-0.99,,
1861,Switzerland Leman Lake,35.4,-0.24,,
1862,Switzerland Leman Lake,33.4,-0.51,,
1863,Switzerland Leman Lake,35.5,0.6,,
1864,Switzerland Leman Lake,40.9,-1.22,,
1865,Switzerland Leman Lake,25.9,-0.15,,
1866,Switzerland Leman Lake,46.0,-0.08,,
1867,Switzerland Leman Lake,41.3,-0.96,,
1868,Switzerland Leman Lake,24.4,0.55,,
1869,Switzerland Leman Lake,37.7,-0.17,,
1870,Switzerland Leman Lake,32.7,-0.93,,
1871,Switzerland Leman Lake,42.7,-1.47,,
1872,Switzerland Leman Lake,41.3,0.52,,
1873,Switzerland Leman Lake,39.7,0.06,,
1874,Switzerland Leman Lake,35.3,-0.22,,
1875,Switzerland Leman Lake,33.0,-1.02,,
1876,Switzerland Leman Lake,45.3,-0.55,,
1877,Switzerland Leman Lake,44.0,-0.56,,
1878,Switzerland Leman Lake,46.7,-0.24,,
1879,Switzerland Leman Lake,51.7,-1.52,,
1880,Switzerland Leman Lake,40.5,-0.26,,
1881,Switzerland Leman Lake,35.5,-1.06,,
1882,Switzerland Leman Lake,43.5,-0.07,,
1883,Switzerland Leman Lake,42.0,-0.61,,
1884,Switzerland Leman Lake,32.5,-0.22,,
1885,Switzerland Leman Lake,35.0,-0.73,,
1886,Switzerland Leman Lake,39.0,-0.44,,
1887,Switzerland Leman Lake,34.0,-0.93,,
1888,Switzerland Leman Lake,40.5,-1.59,,
1889,Switzerland Leman Lake,43.0,-0.87,,
1890,Switzerland Leman Lake,41.5,-0.69,,
1891,Switzerland Leman Lake,41.0,-0.78,,
1892,Switzerland Leman Lake,27.0,-0.9,,
1893,Switzerland Leman Lake,22.5,-0.5,,
1894,Switzerland Leman Lake,37.5,-0.07,,
1895,Switzerland Leman Lake,27.0,-0.74,,
1896,Switzerland Leman Lake,36.0,-0.49,,
1897,Switzerland Leman Lake,20.0,-0.08,,
1898,Switzerland Leman Lake,39.0,0.2,,
1899,Switzerland Leman Lake,28.5,-0.14,,
1900,Switzerland Leman Lake,30.0,-0.08,,
1901,Switzerland Leman Lake,24.0,-0.53,,
1902,Switzerland Leman Lake,36.5,-1.11,,
1903,Switzerland Leman Lake,33.5,-0.1,,
1904,Switzerland Leman Lake,18.0,-0.16,,
1905,Switzerland Leman Lake,27.5,-0.35,,
1906,Switzerland Leman Lake,30.5,-0.01,,
1907,Switzerland Leman Lake,39.5,-0.58,,
1908,Switzerland Leman Lake,29.0,-0.7,,
1909,Switzerland Leman Lake,40.5,-1.07,,
1910,Switzerland Leman Lake,37.5,-0.14,,
1911,Switzerland Leman Lake,26.0,0.38,,
1912,Switzerland Leman Lake,46.5,-0.54,,
1913,Switzerland Leman Lake,30.0,0.06,,
1914,Switzerland Leman Lake,36.0,0.08,,
1915,Switzerland Leman Lake,26.5,-0.78,,
1916,Switzerland Leman Lake,37.5,-0.2,,
1917,Switzerland Leman Lake,19.0,-0.95,,
1918,Switzerland Leman Lake,31.5,-0.14,,
1919,Switzerland Leman Lake,32.5,-0.99,,
1920,Switzerland Leman Lake,25.0,0.39,,
1921,Switzerland Leman Lake,22.0,0.6,,
1922,Switzerland Leman Lake,35.0,-0.93,,
1923,Switzerland Leman Lake,37.0,-0.49,,
1924,Switzerland Leman Lake,31.5,-0.52,,
1925,Switzerland Leman Lake,30.0,-0.31,,
1926,Switzerland Leman Lake,38.6,0.07,,
1927,Switzerland Leman Lake,26.6,-0.28,,
1928,Switzerland Leman Lake,27.6,-0.04,,
1929,Switzerland Leman Lake,26.6,-0.67,,
1930,Switzerland Leman Lake,33.6,0.4,,
1931,Switzerland Leman Lake,32.6,-0.67,,
1932,Switzerland Leman Lake,40.3,0.02,,
1933,Switzerland Leman Lake,36.0,-0.41,,
1934,Switzerland Leman Lake,19.6,0.92,,
1935,Switzerland Leman Lake,34.0,0.02,,
1936,Switzerland Leman Lake,31.1,0.1,,
1937,Switzerland Leman Lake,25.0,0.28,,
1938,Switzerland Leman Lake,39.3,0.45,,
1939,Switzerland Leman Lake,44.0,-0.01,,
1940,Switzerland Leman Lake,27.6,-1.24,,
1941,Switzerland Leman Lake,39.0,-1.03,,
1942,Switzerland Leman Lake,25.6,-0.8,,
1943,Switzerland Leman Lake,23.0,0.65,,
1944,Switzerland Leman Lake,29.0,0.01,,
1945,Switzerland Leman Lake,12.0,0.56,,
1946,Switzerland Leman Lake,25.0,-0.03,,
1947,Switzerland Leman Lake,18.6,0.32,,
1948,Switzerland Leman Lake,36.6,0.58,,
1949,Switzerland Leman Lake,29.0,0.88,,
1950,Switzerland Leman Lake,28.0,0.31,,
1951,Switzerland Leman Lake,41.0,0.09,,
1952,Switzerland Leman Lake,22.3,-0.18,,
1953,Switzerland Leman Lake,32.6,0.31,,
1954,Switzerland Leman Lake,44.0,-0.48,,
1955,Switzerland Leman Lake,36.6,-0.22,,
1956,Switzerland Leman Lake,42.6,-1.19,,
1957,Switzerland Leman Lake,33.6,0.17,,
1958,Switzerland Leman Lake,29.6,-0.14,,
1959,Switzerland Leman Lake,23.6,0.54,,
1960,Switzerland Leman Lake,27.6,-0.02,,
1961,Switzerland Leman Lake,30.0,0.67,,
1962,Switzerland Leman Lake,38.6,-0.67,,
1963,Switzerland Leman Lake,39.6,-0.81,,
1964,Switzerland Leman Lake,25.3,-0.08,,
1965,Switzerland Leman Lake,41.6,-0.69,,
1966,Switzerland Leman Lake,26.6,-0.04,,
1967,Switzerland Leman Lake,28.0,0.22,,
1968,Switzerland Leman Lake,28.0,-0.2,,
1969,Switzerland Leman Lake,29.3,-0.38,,
1970,Switzerland Leman Lake,31.3,-0.32,,
1971,Switzerland Leman Lake,26.2,-0.08,,
1972,Switzerland Leman Lake,36.7,-0.25,,
1973,Switzerland Leman Lake,28.1,-0.01,,
1974,Switzerland Leman Lake,30.2,0.14,,
1975,Switzerland Leman Lake,25.6,0.39,,
1976,Switzerland Leman Lake,15.6,-0.08,,
1977,Switzerland Leman Lake,38.1,0.07,,
1978,Switzerland Leman Lake,39.5,-0.46,,
1979,Switzerland Leman Lake,29.5,-0.28,,
1980,Switzerland Leman Lake,37.2,-0.46,,
1981,Switzerland Leman Lake,20.7,-0.05,,
1982,Switzerland Leman Lake,17.7,0.51,,
1983,Switzerland Leman Lake,19.7,0.64,,
1984,Switzerland Leman Lake,30.6,-0.1,,
1985,Switzerland Leman Lake,33.6,-0.43,,
1986,Switzerland Leman Lake,27.5,-0.1,,
1987,Switzerland Leman Lake,31.7,-0.26,,
1988,Switzerland Leman Lake,22.6,0.67,,
1989,Switzerland Leman Lake,16.5,1.18,,
1990,Switzerland Leman Lake,18.6,1.22,,
1991,Switzerland Leman Lake,24.5,0.21,,
1992,Switzerland Leman Lake,15.6,0.89,,
1993,Switzerland Leman Lake,17.0,0.26,,
1994,Switzerland Leman Lake,10.0,1.32,,
1995,Switzerland Leman Lake,22.0,0.87,,
1996,Switzerland Leman Lake,26.6,-0.22,,
1997,Switzerland Leman Lake,21.6,0.98,,
1998,Switzerland Leman Lake,14.5,0.76,,
1999,Switzerland Leman Lake,23.0,1.09,,
2000,Switzerland Leman Lake,6.0,1.21,,
2001,Switzerland Leman Lake,20.0,0.95,,
2002,Switzerland Leman Lake,20.3,1.22,,
2003,Switzerland Leman Lake,-7.7,1.28,,
2004,Switzerland Leman Lake,24.8,0.79,,
2005,Switzerland Leman Lake,20.8,0.75,,
2006,Switzerland Leman Lake,19.8,1.29,,
2007,Switzerland Leman Lake,16.0,1.39,,
1660,Various South East,23.0,-0.05,,
1661,Various South East,26.0,0.45,,
1666,Various South East,31.0,0.03,,
1667,Various South East,38.0,-0.65,,
1668,Various South East,27.0,0.07,,
1671,Various South East,24.0,-0.21,,
1674,Various South East,39.0,-1.39,,
1675,Various South East,55.0,-1.63,,
1677,Various South East,40.0,-0.73,,
1680,Various South East,34.0,-0.62,,
1714,Various South East,42.0,-0.07,,
1721,Various South East,45.0,-0.6,,
1739,Various South East,35.0,-0.79,,
1743,Various South East,44.0,0.52,,
1748,Various South East,44.0,-0.36,,
1751,Various South East,41.0,-0.91,,
1754,Various South East,43.0,-0.87,,
1840,Various South East,41.0,-1.02,,
1841,Various South East,43.0,-0.32,,
1842,Various South East,38.5,-0.27,,
1843,Various South East,46.5,-0.19,,
1844,Various South East,44.5,-1.2,,
1845,Various South East,44.0,-1.25,,
1846,Various South East,36.0,0.26,,
1847,Various South East,40.0,-0.61,,
1848,Various South East,38.0,-0.38,,
1849,Various South East,41.5,-0.71,,
1850,Various South East,40.0,-0.72,,
1851,Various South East,39.0,-0.34,,
1852,Various South East,35.5,-0.08,,
1853,Various South East,38.0,-1.0,,
1854,Various South East,45.0,-0.24,,
1855,Various South East,36.0,-1.43,,
1856,Various South East,40.0,-0.9,,
1857,Various South East,41.0,0.23,,
1858,Various South East,38.0,-0.2,,
1859,Various South East,42.0,0.48,,
1860,Various South East,35.0,-0.99,,
1861,Various South East,31.0,-0.24,,
1862,Various South East,37.0,-0.51,,
1863,Various South East,32.0,0.6,,
1864,Various South East,32.0,-1.22,,
1865,Various South East,32.0,-0.15,,
1866,Various South East,35.0,-0.08,,
1867,Various South East,35.0,-0.96,,
1868,Various South East,32.0,0.55,,
1869,Various South East,38.5,-0.17,,
1870,Various South East,32.0,-0.93,,
1871,Various South East,38.0,-1.47,,
1872,Various South East,34.0,0.52,,
1873,Various South East,36.0,0.06,,
1874,Various South East,35.5,-0.22,,
1875,Various South East,30.0,-1.02,,
1876,Various South East,36.0,-0.55,,
1877,Various South East,32.0,-0.56,,
1878,Various South East,35.0,-0.24,,
1879,Various South East,40.0,-1.52,,
1880,Various South East,38.0,-0.26,,
1884,Various South East,25.0,-0.22,,
1885,Various South East,22.5,-0.73,,
1886,Various South East,17.5,-0.44,,
1887,Various South East,25.0,-0.93,,
1888,Various South East,29.0,-1.59,,
1895,Various South East,20.0,-0.74,,
1897,Various South East,20.0,-0.08,,
1902,Various South East,15.0,-1.11,,
1905,Various South East,27.0,-0.35,,
1907,Various South East,28.5,-0.58,,
1908,Various South East,31.0,-0.7,,
1909,Various South East,45.0,-1.07,,
1914,Various South East,40.0,0.08,,
1915,Various South East,19.5,-0.78,,
1916,Various South East,10.5,-0.2,,
1917,Various South East,17.5,-0.95,,
1918,Various South East,20.0,-0.14,,
1925,Various South East,40.0,-0.31,,
1926,Various South East,20.0,0.07,,
1929,Various South East,29.0,-0.67,,
1930,Various South East,25.5,0.4,,
1931,Various South East,27.5,-0.67,,
1932,Various South East,40.0,0.02,,
1933,Various South East,20.0,-0.41,,
1800,Vendee Poitou Charente,12.0,-0.47,,
1801,Vendee Poitou Charente,18.0,0.19,,
1802,Vendee Poitou Charente,17.0,-0.3,,
1803,Vendee Poitou Charente,18.0,-0.92,,
1804,Vendee Poitou Charente,25.0,-0.35,,
1805,Vendee Poitou Charente,30.0,-1.38,,
1806,Vendee Poitou Charente,24.0,-0.28,,
1807,Vendee Poitou Charente,22.0,-0.66,,
1808,Vendee Poitou Charente,18.0,-1.15,,
1809,Vendee Poitou Charente,33.0,-1.32,,
1810,Vendee Poitou Charente,21.0,-1.26,,
1811,Vendee Poitou Charente,28.0,0.1,,
1812,Vendee Poitou Charente,35.0,-1.77,,
1816,Vendee Poitou Charente,65.1,-1.54,,
1817,Vendee Poitou Charente,46.1,-0.48,,
1818,Vendee Poitou Charente,22.1,0.17,,
1819,Vendee Poitou Charente,28.5,-0.01,,
1820,Vendee Poitou Charente,32.5,-0.97,,
1821,Vendee Poitou Charente,42.5,-0.27,,
1822,Vendee Poitou Charente,0.0,0.78,,
1823,Vendee Poitou Charente,40.0,-0.66,,
1824,Vendee Poitou Charente,39.1,0.07,,
1825,Vendee Poitou Charente,8.1,-0.07,,
1826,Vendee Poitou Charente,22.6,0.51,,
1827,Vendee Poitou Charente,23.4,-0.09,,
1828,Vendee Poitou Charente,28.5,-0.12,,
1829,Vendee Poitou Charente,37.2,-1.85,,
1830,Vendee Poitou Charente,31.6,-0.6,,
1831,Vendee Poitou Charente,25.0,-0.12,,
1832,Vendee Poitou Charente,32.1,-0.76,,
1833,Vendee Poitou Charente,30.2,-0.28,,
1834,Vendee Poitou Charente,20.5,0.51,,
1835,Vendee Poitou Charente,32.2,-0.55,,
1836,Vendee Poitou Charente,33.6,-0.57,,
1837,Vendee Poitou Charente,33.3,-0.94,,
1838,Vendee Poitou Charente,45.1,-1.75,,
1839,Vendee Poitou Charente,34.8,-0.69,,
1840,Vendee Poitou Charente,23.2,-1.02,,
1841,Vendee Poitou Charente,34.1,-0.32,,
1842,Vendee Poitou Charente,20.7,-0.27,,
1843,Vendee Poitou Charente,49.1,-0.19,,
1844,Vendee Poitou Charente,19.7,-1.2,,
1845,Vendee Poitou Charente,46.7,-1.25,,
1846,Vendee Poitou Charente,16.4,0.26,,
1847,Vendee Poitou Charente,36.5,-0.61,,
1848,Vendee Poitou Charente,30.6,-0.38,,
1849,Vendee Poitou Charente,25.6,-0.71,,
1850,Vendee Poitou Charente,34.5,-0.72,,
1851,Vendee Poitou Charente,38.2,-0.34,,
1852,Vendee Poitou Charente,34.5,-0.08,,
1853,Vendee Poitou Charente,50.2,-1.0,,
1854,Vendee Poitou Charente,39.2,-0.24,,
1855,Vendee Poitou Charente,39.7,-1.43,,
1856,Vendee Poitou Charente,31.5,-0.9,,
1857,Vendee Poitou Charente,25.1,0.23,,
1858,Vendee Poitou Charente,23.1,-0.2,,
1859,Vendee Poitou Charente,23.4,0.48,,
1860,Vendee Poitou Charente,41.2,-0.99,,
1861,Vendee Poitou Charente,25.7,-0.24,,
1862,Vendee Poitou Charente,26.2,-0.51,,
1863,Vendee Poitou Charente,23.7,0.6,,
1864,Vendee Poitou Charente,20.3,-1.22,,
1865,Vendee Poitou Charente,13.0,-0.15,,
1866,Vendee Poitou Charente,27.7,-0.08,,
1867,Vendee Poitou Charente,31.0,-0.96,,
1868,Vendee Poitou Charente,14.0,0.55,,
1869,Vendee Poitou Charente,16.0,-0.17,,
1870,Vendee Poitou Charente,14.0,-0.93,,
1871,Vendee Poitou Charente,25.0,-1.47,,
1872,Vendee Poitou Charente,34.0,0.52,,
1873,Vendee Poitou Charente,32.0,0.06,,
1874,Vendee Poitou Charente,2.0,-0.22,,
1875,Vendee Poitou Charente,29.0,-1.02,,
1876,Vendee Poitou Charente,32.0,-0.55,,
1877,Vendee Poitou Charente,34.0,-0.56,,
